,ticks,acc_x,acc_y,acc_z,gyr_x,gyr_y,gyr_z,mag_x,mag_y,mag_z,r,theta,phi
cf3e3115-e0ca-4e93-bf3a-1b7c3f2348ef,-18964,496,-35,898,200,800,100,204,-205,-396,1026.47,28.97,-2.23
c73cc179-133f-4c2e-b628-c239c596a38b,-18952,488,-37,886,800,-3600,-1100,204,-211,-398,1012.18,28.91,-2.39
4ebf3aa1-5f32-491e-8727-09176c2e20a3,-18927,492,-44,897,3200,-3000,600,201,-204,-399,1024.02,28.84,-2.81
5a5dd84f-723a-4c03-9e7e-a9f8f3586c53,-18908,501,-40,873,-700,400,2700,195,-211,-398,1007.34,29.93,-2.62
8219f3d6-7bef-4957-ac82-3ec62cb9f25a,-18889,486,-30,907,-1800,-900,400,200,-199,-384,1029.44,28.23,-1.89
0028e77d-e3e9-42d3-8c58-4a61b7807353,-18870,482,-33,904,-1100,100,4000,203,-195,-401,1025.0,28.12,-2.09
f164a8ee-2101-4820-8c86-d11764e548b4,-18852,494,-34,890,-1600,900,1300,207,-213,-395,1018.48,29.09,-2.19
b3d392b9-fd68-486c-86ec-c759f153ab35,-18833,411,-3,1026,22400,62100,7700,194,-190,-411,1105.26,21.83,-0.17
8c715a92-9a91-4339-b6ab-769e3e35da06,-18814,528,-46,872,163200,-372600,79000,153,-250,-380,1020.43,31.29,-3.02
c8fca035-bc29-4da5-9460-25af42ae6259,-18795,752,378,390,366600,-48500,-50600,-45,-313,-308,927.62,65.14,44.1
163192f1-fb99-4d16-8598-8deccf05ccc0,-18770,615,618,-70,135000,43600,-47100,-265,-292,-159,874.67,94.59,96.46
1fcb5a34-0a0c-4a83-b50b-47cd19a086ca,-18752,578,846,-155,-20300,27600,-187600,-342,-223,-135,1036.26,98.6,100.38
1d90b1b4-17c2-4170-85c6-129050752c57,-18733,131,1269,537,-435300,27900,-368600,-378,99,-356,1384.16,67.17,67.06
45d64722-12aa-4507-bd2b-8b07bc916dc7,-18714,-250,380,686,-235900,17500,-4900,24,246,-500,823.1,33.55,28.98
9eb33976-e23c-423a-ba52-f8f945b4db94,-18695,-1008,-377,544,-245000,156500,109100,287,418,-225,1205.87,63.18,-34.72
5bf81aee-9343-4ac5-9405-a3f4e9ca90b5,-18677,211,-404,230,79900,305800,64400,180,463,115,510.53,63.22,-60.35
1b2c4a35-5771-4c85-9406-c81ea1f1b16a,-18658,-1143,119,-1683,-247800,-187500,-124500,54,384,256,2037.92,145.67,175.96
9f3b836c-6760-4714-b1c0-f7dfe10f6202,-18639,488,-575,287,331300,269200,9000,60,477,166,806.93,69.17,-63.47
3adac719-19e6-4740-b494-28e52625bfcb,-18620,-1396,-598,-280,-52500,-214600,-48700,183,474,91,1544.29,100.45,-115.09
ee1d1e34-be80-43d3-af33-d3c4f3729d3e,-18602,102,27,665,223000,-115400,38700,219,430,-290,673.32,9.02,2.33
64526f18-12bf-4ef5-96bb-60530ba909b0,-18583,-830,-109,1043,158600,42400,34300,135,429,-336,1337.4,38.75,-5.97
87667b52-7cbf-446e-b725-ea6da1f807b5,-18564,-597,326,691,89300,-39700,21700,-7,421,-381,969.62,44.55,25.26
83381d04-a071-44ee-a2c4-26af53295a30,-18545,-440,681,743,118500,-45700,21100,-126,337,-432,1099.73,47.5,42.51
db3c1175-1c62-4373-8a3d-6a914203cf58,-18527,-97,949,472,99500,-12900,29800,-262,240,-417,1064.33,63.67,63.56
08292a1d-d507-4c8e-827c-b4f33f6ea99f,-18508,-164,963,115,102100,11500,-8700,-381,204,-336,983.61,83.29,83.19
0e56c80a-b5df-4f92-888a-45e6621d0bbf,-18489,-288,1007,-245,242600,73900,-82200,-456,238,-138,1075.65,103.17,103.67
086522d2-169e-4e7e-a5a0-b62859fb565d,-18464,-256,672,-733,151000,-45700,-76700,-394,318,116,1026.84,135.55,137.49
d5a18d8b-fd03-4234-a931-eaf39e09d115,-18445,-428,383,-904,52900,-28300,-25500,-292,387,182,1071.02,147.57,157.04
83d07850-47bf-4a2b-9b1f-357452953b09,-18427,-508,109,-764,22100,26400,-11200,-246,390,211,923.93,145.78,171.88
af417afd-1578-4076-a993-31984f30f910,-18408,-349,-1,-783,153700,157700,52000,-171,352,289,857.26,155.98,-179.93
f3444869-3c3d-4414-a9de-3afc1ec4c1fd,-18389,159,-612,-306,306600,524500,103500,212,-45,269,702.47,115.82,-116.57
a59adf65-fc96-40b3-a16c-7db090014a6d,-18370,232,-550,551,147900,568800,63900,397,-127,-270,812.36,47.29,-44.95
8e977791-52b8-4d30-81ad-fc8729ab13d2,-18352,-157,-135,1628,85600,-510300,-111000,258,-19,-458,1641.11,7.25,-4.74
ae559130-6276-4609-8d24-f67e1eab947c,-18314,-229,-471,998,29300,-67600,97900,194,-139,-467,1127.07,27.69,-25.26
c5f6bb6d-c2ba-42ca-8bd0-bdf31ac6036f,-18295,-105,155,903,154800,-142100,83400,164,-63,-507,922.2,11.71,9.74
a5d3941b-7873-48b9-97d5-72e6961c2624,-18277,-16,274,940,102200,-28700,93300,-18,-114,-504,979.25,16.28,16.25
e4cb2909-5a71-4d4d-ab06-a136679396c2,-18258,195,569,968,-4200,-24200,280600,36,-151,-476,1139.65,31.86,30.45
f1593a3a-de59-4e8a-9bdd-de91591e8df1,-18239,250,-64,965,-138900,63700,225100,261,-64,-462,998.91,14.97,-3.79
b48c62a9-de24-4308-a532-dc7ff18c82d9,-18220,-221,-695,813,-212800,243200,24900,409,198,-294,1092.17,41.89,-40.53
5bebcdcf-2b51-4e34-a0a8-d2dd9db40ec0,-18202,-232,-975,151,-229600,76600,-93700,442,145,51,1013.53,81.43,-81.2
3d935213-b639-4d77-8f5c-b1794a74da2e,-18183,-52,-896,-260,-128100,-51100,-90200,351,71,188,934.41,106.16,-106.18
77f77156-45da-48e3-a27f-fc2a7c99f7ef,-18164,96,-661,-498,-98000,68600,-31000,219,8,286,833.15,126.71,-126.99
f4ff0d3f-e4b2-4b60-bc6e-107f087caa8d,-18145,162,-552,-790,-189200,-158300,5400,59,59,344,977.27,143.94,-145.06
ced03b14-68e0-4903-9fdb-4503d277fb0a,-18127,-290,-277,-857,-77200,-270000,-37700,-85,262,325,946.19,154.92,-162.09
a0b8d87f-ca27-4c16-a6cf-dbfaa04514f3,-18102,-876,308,-306,-306100,-140400,-38600,-268,475,19,977.69,108.24,134.81
aa4958c0-6bfe-4664-ab26-8788733ea8b0,-18083,-280,601,-909,-23100,77800,135700,-355,414,-107,1125.11,143.89,146.53
d7713e38-774d-47fd-9b58-14cf5f0f0ae7,-18064,-1152,842,386,-210700,426500,-934100,-337,172,-372,1478.2,74.86,65.37
ed6fe122-f4b0-47e5-80ee-8eb0623d81ef,-18045,1566,-177,-637,-201800,113800,256600,96,-367,-57,1699.84,112.01,-164.47
f054c2e8-0829-4a49-aa91-422770b58540,-18027,1167,139,-754,41400,-231300,24900,167,-162,238,1396.33,122.68,169.55
dbfc56f0-5f70-42fc-9733-258a06d9bdce,-18008,1,-319,-1196,111000,27000,-39200,167,-139,257,1237.81,165.07,-165.07
77e17b63-226d-4d78-93cd-f5fac8e37b80,-17989,-307,-214,-820,78800,47800,-121900,168,-7,322,901.36,155.47,-165.37
75b0f5f7-5162-42ee-b5e5-8d13e4553c3d,-17970,-157,-423,-609,26900,-191700,-407100,278,38,254,757.93,143.47,-145.22
31e575cb-1d0f-497e-96d4-69a8d4967b6b,-17945,206,-256,-848,-404900,213600,-124800,-78,-148,268,909.44,158.82,-163.2
ba39350b-9e33-48c2-a784-fc464877cc15,-17933,400,400,-692,-228000,105800,-120100,-315,-178,137,893.79,140.74,149.97
592725a0-e4cc-4649-b224-f3de4f11a7d2,-17908,238,1007,22,-252100,150200,-182400,-439,-10,-233,1034.98,88.78,88.75
9bf11dfb-30de-4203-8baa-1069985d61d4,-17889,-128,1084,794,-155300,119000,-136900,-270,189,-432,1349.77,53.97,53.78
a8aea887-179f-410d-91fd-688c317a9547,-17870,-484,701,759,-95200,92400,-96600,-129,301,-444,1140.94,48.3,42.73
bb00a5b7-7dd3-48a5-bbd7-572119ba88c1,-17852,-583,286,782,-111300,37200,-69200,24,342,-446,1016.47,39.71,20.09
4900a93a-3d1c-477e-bc28-63a3914a2e46,-17833,-736,84,689,-22300,15900,-5100,162,385,-378,1011.67,47.07,6.95
bab83813-2f8e-4dd8-9db8-1c7ba76b3e32,-17814,-839,226,627,75400,-33900,52400,56,420,-377,1071.51,54.19,19.82
a6125edf-925e-4683-98fc-a5f65afb1394,-17795,-486,606,582,116600,-91800,25000,-81,339,-441,970.65,53.16,46.16
be908894-e75d-4b06-bb9e-9cecf776918d,-17777,-55,833,361,194100,-137200,87100,-349,83,-383,909.52,66.61,66.57
0fe5ddc4-5e69-40dc-9783-d5636d3da797,-17758,141,972,177,31800,-17300,18000,-414,2,-308,997.99,79.78,79.68
b3f4ee89-bf23-4fe9-a71f-6cb7ffc10350,-17733,214,995,-3,191800,-86500,154700,-436,-72,-209,1017.76,90.17,90.17
22fa6395-d11b-47c7-a62a-28d206a48c5f,-17714,331,811,-379,150500,-13500,38400,-423,-121,-38,954.42,113.4,115.05
6d824f50-6e8e-4069-8095-23b90b9ec2a0,-17695,330,695,-567,77700,-8900,0,-409,-132,42,955.73,126.39,129.21
0e0f371e-9c49-40b4-a218-77a2e0f4c3e9,-17677,478,405,-768,209700,15400,23400,-324,-156,145,991.13,140.79,152.2
abc01f2c-1803-442f-afcd-647f9acde8eb,-17658,448,108,-886,140500,-15900,-7400,-214,-162,230,998.68,152.52,173.05
70ab76b2-7d23-40d3-9649-40c4ede7ed61,-17633,289,-207,-945,26100,-29200,5300,-90,-97,299,1009.65,159.39,-167.64
fdf85ddf-6ca3-4bce-ab30-140d2214e3dd,-17614,337,-463,-751,135400,56600,57100,44,-153,268,944.43,142.67,-148.35
f946de0c-732c-4f98-8aa5-39d395db57c0,-17595,338,-844,-319,115300,1900,33400,273,-159,176,963.5,109.33,-110.7
1fe12a61-bf01-467a-b390-ebfea5af2bd8,-17577,323,-1004,255,209300,24800,8900,363,-198,12,1085.07,76.41,-75.75
5c8039c4-d041-4468-8580-ae835536b592,-17558,308,-1046,149,157200,24800,84100,399,-163,-90,1100.54,82.22,-81.89
9f525738-b4ee-42c8-baad-3ba6f26f562b,-17539,199,-948,473,94900,-17900,74900,420,-96,-222,1077.98,63.97,-63.48
30bc5539-8e0d-4a6a-9a5a-3cfa312f3325,-17520,66,-757,724,87700,25400,-4400,423,-45,-281,1049.56,46.38,-46.28
ced248fe-278a-45b4-9440-3f22a8eaba60,-17502,150,-528,831,18300,-21700,-52500,334,-129,-365,995.91,33.45,-32.43
f11dadbc-8d17-42fb-8eae-b7309f8aa3aa,-17483,227,-523,945,-39900,-34300,1800,290,-144,-405,1103.67,31.1,-28.96
03e14f84-e415-47bf-b65c-d4633b87c674,-17464,150,-317,719,-59900,-143200,221100,316,-222,-309,799.97,26.0,-23.79
68c64d5c-e10e-4653-8e63-03052c0c1d23,-17439,-388,-1537,513,-23500,96300,3400,426,-105,-209,1666.16,72.07,-71.54
8d6bf789-1163-49af-9d26-68e38c2f494d,-17420,1294,141,1316,-53300,-65600,-58500,307,-259,-225,1850.99,44.69,6.12
69bf98b2-f76d-4e02-b8a3-1ce4c9092324,-17402,406,-726,-383,-288300,-485300,149200,296,-67,211,915.75,114.72,-117.81
609624c3-66e3-45e7-a912-c2a9a06c3f23,-17383,32,-611,-730,-100300,-63500,43900,150,169,317,952.49,140.03,-140.07
f2177e17-56c2-4112-bda6-1fc3a1082abc,-17364,-53,-505,-913,-80200,-42100,22600,30,244,340,1044.7,150.92,-151.05
97a9b7bb-a955-490a-b514-822931c0f0dc,-17345,-144,-375,-766,-37900,-26300,10700,-36,270,329,864.94,152.33,-153.92
7fa13b5f-8276-4399-9729-6da22cf14507,-17333,-202,-311,-995,-44000,-21000,17100,-79,288,320,1061.86,159.56,-162.64
bc957394-9e3c-4d84-b426-3229153463cb,-17320,-322,-209,-1022,-64900,-77000,19400,-120,322,305,1091.72,159.41,-168.44
2170ba9f-5b93-43a2-b316-019f0986a5db,-17283,-1998,1997,-1734,26100,-256400,406500,-246,322,257,3314.63,121.54,130.97
f56ca163-6fe7-41e8-b64d-85203e24d732,-17264,1998,-1998,1998,-89400,-136800,-70000,224,373,194,3460.64,54.74,-45.0
18831d32-3390-484e-863c-b057d3966efe,-17245,-1956,1997,-1323,27500,-133400,-438400,-64,466,203,3092.62,115.33,123.52
f1191966-e7b9-44e2-8bef-fca89c9c69f0,-17227,-872,41,-1610,27800,328500,78400,230,300,238,1831.44,151.53,178.54
f5ea78d2-b037-4764-982f-9fde602a7a38,-17208,606,-741,1047,417200,43100,-157300,457,160,21,1418.64,42.44,-35.29
ab9cce44-b983-469c-b393-5684732ac804,-17189,335,-1030,544,58300,6500,-105000,453,18,-227,1212.05,63.33,-62.16
a6ad71a6-5202-4af3-8220-ade32e3147a6,-17170,220,-291,967,124200,56000,-93400,334,-90,-387,1033.52,20.67,-16.75
e179e694-82e3-4d63-96ed-c225cb12d187,-17152,177,-182,922,48700,-300,-62800,203,-118,-471,956.31,15.39,-11.17
9d3170d8-8838-4734-a69e-f357b52597d7,-17133,73,226,1141,62100,-10000,-93500,41,-127,-503,1165.46,11.76,11.2
08f3f8ef-8a07-4c96-8a16-3aaf218a96f7,-17114,318,421,814,38000,-74500,26800,-81,-189,-446,970.03,32.95,27.35
f3e69816-9b7b-432e-9e58-9012f22d0567,-17089,175,494,880,29100,34700,22400,-51,-150,-486,1024.24,30.78,29.31
19d0653a-d231-4abd-b084-43c5cdcb1c2b,-17070,215,29,1088,-93000,42400,80900,69,-108,-515,1109.42,11.28,1.53
d06b04f2-8919-4e15-afef-01ddc2ce8890,-17052,22,-9,829,-91400,128800,4400,164,-64,-497,829.34,1.64,-0.62
097d28c5-79ea-4e85-a29b-2fab435eee2e,-17033,-3,175,980,-4900,15100,-32300,149,23,-516,995.51,10.13,10.12
e46b5fce-6181-49e5-bc72-2222e114fb39,-17014,-42,-408,1401,159600,47000,-135000,138,12,-522,1459.8,16.32,-16.24
29b3ca76-c963-45bb-b327-5f41e86fedaf,-17002,-108,51,1132,-6700,-15800,-70800,104,-9,-533,1138.28,6.02,2.58
7bbf6cea-6ae9-4215-b639-ce9ff6f85dd5,-16983,-130,-68,872,-76700,-303900,286400,159,-22,-512,884.26,9.55,-4.46
df24ee2b-645d-4065-bc32-bbbc8814c587,-16945,292,-451,640,-18900,78000,-56400,363,-120,-329,835.62,40.01,-35.17
d79689a3-fb78-4ba6-a36d-f2abddb9e464,-16927,599,-464,736,107400,-89800,84400,369,-96,-339,1056.31,45.83,-32.23
706143c5-7afc-4199-86ac-0fc4c33cab31,-16908,569,-374,721,88900,-92300,17700,337,-81,-390,991.7,43.36,-27.42
a7e6eeee-e8db-432b-b93d-7bcd665eef6a,-16889,797,-58,637,93000,-18900,-5900,287,-99,-431,1021.93,51.44,-5.2
34a6c93c-113a-4535-9481-694dd14bed78,-16870,573,-18,891,105500,44400,-50700,143,-75,-513,1059.5,32.76,-1.16
5555b3dd-2739-453a-b363-d7294191b354,-16852,402,448,730,126100,15100,-120000,-100,-48,-513,946.15,39.51,31.54
c175cae6-8973-43eb-a291-d1fe6d63e1d2,-16833,183,903,378,207600,-44000,-135500,-343,-3,-396,995.88,67.69,67.29
c9964c3a-aba7-4a2b-9b28-799055a75e41,-16814,-163,919,-117,243800,-99800,-195500,-484,136,-186,940.65,97.15,97.26
6ea75b4c-210a-4702-8240-21fe7d7b17a1,-16795,-737,781,-474,101000,-80000,-277900,-372,430,-53,1173.8,113.82,121.25
4d03a2d0-6cb6-440e-8754-e7d3a7fa33f2,-16777,-902,-280,-274,-44900,-75800,-216100,-87,564,-122,983.4,106.18,-134.38
92896373-0e66-4947-80e4-4cc4b8ab34bb,-16758,-937,592,-135,-241000,-34100,493200,-291,438,-252,1116.54,96.94,102.85
6c7f2396-3fec-4a22-9628-546a10c43da8,-16733,-37,864,365,-193600,35400,382200,-367,112,-396,938.66,67.12,67.1
bb436797-e442-4115-8919-cb35221316f1,-16714,670,-130,981,-107800,-14400,189400,-21,-69,-525,1195.06,34.83,-7.55
60eda939-dee7-4833-86c7-dd9c16d69b48,-16695,801,-166,1045,-85600,19600,52700,162,-40,-510,1327.1,38.05,-9.03
c30a6273-1d7a-44d1-bbab-fd01d26fc588,-16683,793,325,1163,-17100,31200,-12600,182,-25,-509,1444.66,36.39,15.61
d3c520eb-5d17-4e43-8dac-127c38cff828,-16658,-14,-406,686,-22500,-43100,252200,213,99,-504,797.26,30.63,-30.62
5da61df9-80f9-4bff-8980-4207d232ae75,-16639,417,-266,762,-61300,24500,-213200,231,65,-504,908.45,32.99,-19.24
236240fb-b2e1-4555-b585-3855e8c53cbc,-16620,705,-508,1087,8900,-16300,-12800,248,-33,-480,1391.64,38.64,-25.05
705a4a46-348d-4c13-9319-a919dacd51fb,-16602,465,196,710,201300,-2300,-117100,-10,-79,-521,871.06,35.4,15.43
1713f399-2ff4-4f5e-a1d0-b4ce55d53250,-16583,1,273,676,128300,66200,-187100,-231,0,-471,729.04,21.99,21.99
d0808580-167b-4bf2-9367-71ddd2d9c118,-16558,-811,608,-361,-22000,128800,20500,-321,427,-207,1075.97,109.6,120.7
42282ebf-7ec5-42f8-8431-75e85cc0b8bc,-16539,-490,952,-23,-41900,6200,61800,-360,372,-215,1070.95,91.23,91.38
73fbcfdc-eb3f-4724-88bc-0f20af02eebf,-16520,-404,878,15,-5700,17000,13300,-379,358,-221,966.6,89.11,89.02
951eee2d-5429-4e49-813d-e4c8490e2b31,-16502,-404,943,-23,-7400,7600,10200,-376,348,-222,1026.15,91.28,91.4
f73e45a5-5f9e-4a4c-a850-e7b2afd57f6c,-16483,-425,889,-15,-5100,6700,10700,-385,336,-230,985.48,90.87,90.97
4f793f30-dce9-418c-85b4-db58525edcd5,-16464,-307,897,55,-13100,2500,5800,-393,313,-233,949.68,86.68,86.49
0e9a7c81-ecc6-4034-a9d5-6f559e08b607,-16445,-360,976,31,-8600,-6200,-4100,-405,307,-240,1040.74,88.29,88.18
a6870820-e746-4810-9df5-690b5b34933a,-16433,-360,957,34,-9500,-7200,0,-393,309,-243,1023.04,88.1,87.97
614a01d6-290f-404f-81de-045065909848,-16389,-318,988,192,-16100,-13300,-1500,-366,289,-308,1055.52,79.52,79.0
6625a85f-e778-4c37-9388-82702b40467f,-16370,-459,806,167,6200,-28600,-17000,-360,294,-306,942.45,79.79,78.29
26917283-2b83-458a-8a86-71b0f17a3eab,-16358,-419,815,189,8600,-32100,-13100,-361,279,-326,935.69,78.35,76.94
bd2f66aa-d832-46f1-97b1-83de6bd33303,-16339,-359,958,246,-1100,-35900,9300,-375,261,-330,1052.22,76.48,75.6
45a5e40b-22bf-4100-a10f-69f9f88ed2a0,-16314,-368,941,222,18900,-45900,-7400,-387,234,-338,1034.5,77.61,76.73
760a3a6c-d397-4d9e-9601-b6fa3094fd90,-16295,-332,916,265,13800,-37300,600,-390,198,-338,1009.71,74.78,73.86
f135feec-ac45-4984-8c10-64dcd6db03eb,-16277,-342,996,209,14200,-45000,-12600,-393,175,-341,1073.62,78.77,78.15
f9da6ee4-ee9d-489e-ba8b-732fc13122b5,-16258,-317,895,264,22000,-39100,-11400,-400,156,-320,985.5,74.46,73.57
8efe6ade-583c-48ca-a615-82f25e556e82,-16239,-251,986,306,16100,-34800,-6100,-424,133,-330,1062.47,73.26,72.76
35c05e41-f6df-4e8f-a4be-2b257ffbd84d,-16220,-266,889,306,2100,-19700,9500,-420,118,-326,977.09,71.75,71.01
dd2a49d5-2fb4-40b0-8be8-ea60562724f1,-16202,-333,885,224,1400,-1000,7900,-427,109,-308,971.75,76.67,75.8
53d66078-a834-4f46-8d29-c6897cd4a55d,-16177,-256,930,255,-2900,-5800,8100,-421,96,-291,997.73,75.19,74.67
abefea42-cc42-4ea4-83a7-b1452ec714c2,-16158,-303,994,165,5800,-3500,1700,-435,94,-284,1052.17,80.98,80.58
8076f841-a712-45cc-bd17-39a2bb3f27ae,-16139,-305,1109,40,-49000,2200,40700,-430,84,-300,1150.87,88.01,87.93
5a77d0d6-69b9-45cf-8ff8-589597970d8d,-16120,-275,-3,498,-379700,82100,355600,-58,-12,-528,568.89,28.91,-0.35
df605b58-f9dc-49bd-a949-107ca35c61e9,-16102,339,-342,850,-157200,-16400,106700,251,14,-483,976.93,29.53,-21.92
5d20e74b-eb5f-4ef1-ae82-23a9cfac5a70,-16083,196,-333,1006,409900,-249600,-540800,149,-84,-504,1077.66,21.01,-18.32
b18c2039-71a5-40a8-8a7f-d4ce9486782f,-16064,-1116,1367,-903,-243500,150100,101500,-453,71,-261,1982.31,117.1,123.45
3863733a-9744-4185-8a25-1e2feae9b356,-16045,247,-614,1144,-305200,90300,281900,53,-126,-495,1321.64,30.05,-28.22
7d32b972-0a2f-42cd-8d9b-212fdbccae9a,-16027,-338,1680,-512,360700,104500,-416000,-397,-13,-324,1788.52,106.63,106.95
8d8df07c-cb84-4849-a3fc-d94947c5f5c2,-16008,60,-108,559,-374900,-66300,278100,-12,-117,-503,572.49,12.46,-10.93
6ee6bff7-2ee9-43c5-9a15-1a58242229fc,-15983,40,1951,-435,30600,233500,-14300,-205,-73,-461,1999.31,102.57,102.57
f74dba9a-855a-45d0-a8cd-dae87112833b,-15964,-143,-1159,1109,-345800,-128700,283200,194,-40,-492,1610.47,46.48,-46.26
6273e8e7-8c7a-4f95-9a9e-444567712731,-15945,448,54,936,389400,-57600,-723300,140,-175,-459,1039.09,25.74,3.3
8bdb452d-9b38-421e-93e1-f0cf3f20baeb,-15927,-351,701,202,436800,24400,-466700,-456,291,-53,809.57,75.55,73.93
bfd1300d-e520-4b75-992c-91198756ef28,-15908,569,-182,1998,-66500,370700,112000,-366,-133,-290,2085.4,16.65,-5.2
69a1ba89-2575-4200-a247-79efefa12fa0,-15889,-1220,-328,-815,-420100,2600,434400,-493,126,-26,1503.4,122.83,-158.08
c5641c7f-5695-4e65-a957-4be37bd1b299,-15870,883,215,112,346500,295500,-444300,-471,18,-171,915.67,82.97,62.48
c8429a58-cb70-49db-8167-c78f03f827ec,-15852,-533,-514,-671,-308600,-69900,558800,-460,292,-9,999.26,132.18,-142.55
7a8d11e6-ab5c-46bc-a0ae-52f46f8282ad,-15833,1128,106,684,-343400,273400,578200,128,-136,-474,1323.43,58.88,8.81
f1c77a25-78f9-4972-acfd-0fa511d70842,-15814,443,-416,1149,-66100,86100,-118000,342,-48,-377,1299.81,27.87,-19.9
8c662383-c329-4a20-8244-d3642099f333,-15795,387,-291,1105,137300,22300,-108300,296,-94,-411,1206.43,23.66,-14.75
3926fa97-c6a2-4b2f-a088-017a3fbc9fd9,-15770,262,162,902,172100,-10200,-58100,41,-142,-482,953.15,18.86,10.18
e19958ba-e319-46c0-967a-9c82e1d2616a,-15752,170,737,445,273700,-76900,3200,-264,-172,-375,877.55,59.53,58.88
3ae34df5-e9e1-441b-a781-0957accca232,-15733,292,968,-293,273000,-63200,-20900,-396,-174,-105,1052.68,106.16,106.84
13315e55-fd72-4667-ad90-9b2fb283f1b4,-15714,155,616,-744,143500,-91900,-25200,-354,-130,152,978.27,139.51,140.38
fe666339-8360-469e-98af-b64c9c4b683c,-15695,-33,480,-861,189000,-55200,-46600,-207,3,314,986.31,150.8,150.86
fa141a95-f5ae-41f7-b9c1-05466621ffd6,-15683,-355,-190,-916,271700,-103600,-15800,15,135,355,1000.59,156.27,-168.28
c0178cf9-ba05-40f9-b29d-d85224d86774,-15658,-639,-747,-473,179600,18100,50600,264,172,269,1090.9,115.7,-122.34
e2a1449d-612b-49d7-8fed-63d312183fd4,-15639,-557,-795,-488,12500,157300,-260600,366,196,166,1086.47,116.69,-121.54
96ff9543-6a0e-4806-af2d-d33bdf359a0e,-15620,-519,-1046,-488,-100,-198700,331400,376,108,175,1265.55,112.68,-115.01
e3dc9cba-5401-4a94-b444-939dfdcafa36,-15595,-1030,496,386,133300,-276700,307500,279,433,85,1206.61,71.34,52.11
0dca1542-0b81-4231-bc8b-6598047a5153,-15577,-937,-152,269,70600,61000,-425100,349,406,6,986.63,74.18,-29.47
1a6fa522-5cde-419b-9b10-6126d3708533,-15564,1998,-122,-1747,182700,-28700,-422100,466,-24,-38,2656.86,131.11,-176.01
5b5680d3-1a34-468a-a030-9e6821b2b565,-15539,-651,177,1050,173100,212800,-591100,433,295,-132,1248.05,32.72,9.57
cd44bcff-5ea6-455f-9bbd-765a954b08fb,-15520,-1998,1997,-1879,-44400,155100,95200,240,484,-161,3392.74,123.63,133.26
64fab027-4413-417c-bfa0-5386fa305e55,-15502,108,911,627,-167000,-376100,614300,357,306,-297,1111.18,55.65,55.46
2b2b4a77-3e8a-4761-9882-53aed2f33bd7,-15483,1893,-698,906,166300,98400,-340400,363,175,-369,2211.67,65.82,-37.61
6da47325-01cf-4aa1-aae0-9643e7782507,-15464,-1106,-362,197,138800,-56800,51300,137,288,-464,1180.29,80.39,-61.45
b3720909-a417-48b2-a074-ceb04e90be31,-15445,-863,44,828,24100,-19900,-8800,-54,372,-431,1196.78,46.22,3.04
65be0e8f-9aa0-44d5-b899-0447f1c0c6d5,-15427,-782,283,616,8800,4200,7700,-186,292,-450,1034.92,53.47,24.67
2ca85802-84d1-4e46-a6dd-fef5cd74cb84,-15408,-952,410,143,109700,150700,-118000,-222,442,-284,1046.35,82.15,70.77
c9a5f7a0-4de3-44d8-9ada-c03034300cd8,-15389,-868,-3,10,-99100,82800,-174300,-142,538,-146,868.06,89.34,-16.7
4dc84e30-a7ce-4f72-bda0-dd6aa43a7c8b,-15370,-970,263,265,-7900,-231200,268500,-231,432,-305,1039.37,75.23,44.78
21f7e8d5-927d-463b-a392-c572eca7908e,-15352,-1033,2,187,-27100,108200,-159600,-264,355,-374,1049.79,79.74,0.61
8ff3cdd0-082c-44cd-b1a2-edd4ec1e2774,-15333,-799,635,615,-170300,-175200,138700,-165,276,-470,1191.58,58.93,45.92
b1320f6e-dd42-4750-8413-b9e25a70fd91,-15308,97,-151,1024,-137900,35700,30200,233,-12,-498,1039.61,9.94,-8.39
6d341500-23c5-4603-9bab-ccf6e3432c50,-15289,240,-427,894,-101800,-50500,92800,376,5,-401,1019.39,28.72,-25.53
8b1cfbc9-5698-4ab8-ab37-2364b5856da2,-15270,192,-626,841,-96100,-18400,51300,447,72,-314,1065.84,37.9,-36.66
ac620468-506d-4096-9d76-50e73febac94,-15252,145,-921,747,-15100,43600,-34300,480,78,-258,1194.69,51.3,-50.96
fc284dfd-8a34-402b-ac09-ac86414c912d,-15233,344,-906,1031,262000,32100,-252500,333,-81,-417,1414.97,43.23,-41.31
21ef5714-a3b5-49ab-80cd-6a402b9a1efa,-15214,-275,396,678,269200,165500,-469500,-283,36,-471,831.94,35.42,30.29
9a57733c-9f8d-45a5-90e2-fb8b77e63862,-15195,-859,243,238,88000,225400,-6200,-378,390,-218,923.89,75.07,45.6
c9966ce8-8d84-42b1-8bff-e9924aa32c39,-15177,-755,563,-224,9300,90900,25900,-457,324,-104,968.08,103.38,111.7
b1bec965-99e3-4588-b03a-b2b6ddd33e01,-15158,-738,517,-428,237400,-126700,-101000,-444,367,-5,997.56,115.41,129.62
2e789ab2-0bff-4904-8a41-273b20134750,-15133,-862,83,-430,146600,26700,118600,-315,400,199,966.87,116.41,169.07
cd4e32d5-4f75-4580-9ce0-9ecc5fdf8b05,-15120,-864,124,-473,118600,8300,154700,-306,328,283,992.77,118.45,165.31
b99ccae8-90ae-4c51-8b1c-50e2872983c5,-15102,-612,-164,-1103,176100,-80900,-2100,-94,364,352,1272.03,150.13,-171.54
07480f45-d3f4-4b05-8cf1-68a986513b34,-15077,-511,-147,-1156,-63200,349200,113400,-103,340,365,1272.43,155.3,-172.75
04a58375-56cd-4b44-88cf-d9d7bde44841,-15058,-1220,196,968,-113700,-209700,-185700,-246,405,266,1569.66,51.92,11.45
332345bb-2ca4-435e-8035-8dedff9422b4,-15039,1572,120,-801,-103100,492800,-10000,-268,151,365,1768.38,116.93,171.48
c0eddfbb-5a10-470f-aba2-677ff0b85dde,-15020,-1998,-1099,-329,-61700,-203400,150000,-226,342,320,2303.92,98.21,-106.67
9750db18-51a3-4cac-859d-8521d7b61d0a,-15002,1998,1295,-614,75700,-301900,1800,-277,33,347,2458.87,104.46,115.37
eed0377f-523e-481d-b06f-a4cc84c6d995,-14983,-1964,874,48,-89500,247700,10000,-217,277,353,2150.23,88.72,86.86
e44f1d99-055f-48d1-96c8-0250962ca4cb,-14964,454,311,-443,111000,-225400,-145600,-234,210,370,706.46,128.83,144.93
ea6ed377-d7fd-4dd5-80ac-5616c80e7eea,-14945,-1103,239,-442,119400,311800,-74200,-94,259,388,1212.06,111.39,151.6
8049416c-adca-4c82-b633-6494be43614f,-14920,-1998,1089,778,2800,-79000,157900,14,472,253,2404.83,71.12,54.46
b56876f0-9bb3-4ad1-b545-3d302558cd01,-14902,982,295,-317,30000,358100,-575400,216,145,344,1073.24,107.18,137.06
bd811c43-68df-42d7-80d6-f09d16b0a397,-14883,1223,-279,-256,292200,132500,-617400,39,-328,52,1280.28,101.53,-132.54
1aca24c5-c02e-4867-ad71-fa1725ec35d0,-14864,857,-560,-221,-159300,-136500,80500,-180,-279,82,1047.33,102.18,-111.54
e246c2d2-3333-4b7c-ae40-7c2b0a7b5d4a,-14845,1048,276,-598,-357200,-2800,-52000,-307,-246,30,1237.77,118.89,155.22
643648d5-3037-4eea-8d31-16e874c8d3e8,-14827,727,591,-384,-123200,-170800,-49800,-321,-241,-152,1012.55,112.29,123.01
af146798-060d-4527-ac5f-f9288374228f,-14808,348,763,-372,-38900,-76300,-48300,-372,-232,-81,917.42,113.92,115.99
951471f0-339d-4e48-8444-952b32a63a3e,-14789,376,929,-27,-126800,218600,-17200,-381,-126,-303,1002.57,91.54,91.66
16338f0b-314c-42f5-8bc1-f2249c711e75,-14770,619,960,35,116700,-271800,-43100,-390,-42,-378,1142.8,88.24,87.91
93f5505e-9a91-4a17-aa58-eca65c2505ae,-14752,-55,696,66,52500,-117900,1400,-411,68,-405,701.28,84.6,84.58
2868f5d7-8ede-445a-8843-df79bd914f0c,-14733,287,903,-59,24700,-3300,-31200,-439,56,-375,949.35,93.56,93.74
5d8a94db-b3e0-4748-84ad-b88954616932,-14714,-113,901,-141,41000,-61100,-20000,-501,86,-279,918.94,98.83,98.89
e2a8831a-f20c-41ae-adf5-8acf06b1657d,-14702,-61,967,-225,-94100,63200,121400,-492,18,-263,994.7,103.07,103.1
603071db-ef95-4495-be32-53195dfd0e82,-14658,13,992,412,-265600,-114700,100100,-396,-7,-411,1074.23,67.45,67.45
db961203-4e1c-40b7-a920-6529922f5f3f,-14639,409,762,479,-126200,-25400,-65100,-46,-255,-498,988.62,61.02,57.85
b5d89b6f-76d1-4a72-a926-affec0f2b9fe,-14627,259,817,806,-122000,132100,-129500,2,-168,-579,1176.52,46.76,45.39
53615ac4-629d-4861-b111-1d91906281b0,-14608,-187,393,814,-215300,222100,-245800,69,-40,-639,923.05,28.13,25.77
4fca767d-386d-453b-8da6-486ea24f4b6c,-14583,-528,-126,623,55800,190900,-191100,128,112,-669,826.31,41.07,-11.43
fa7d01dc-590a-41f5-af92-c7249b81e769,-14564,-813,-365,455,29800,18400,-57300,153,340,-599,1000.61,62.95,-38.74
29c3ce6b-5215-4fc3-bd0d-f4372ae6ea45,-14545,-778,179,748,66500,-496900,571400,278,-132,-609,1094.0,46.86,13.46
7504606f-cd3b-4e12-bc6e-44ca75e94cb0,-14527,225,428,837,51100,385000,-363100,340,-90,-642,966.63,30.01,27.08
fe161e8b-fa8c-4696-b169-f36554bd4a99,-14508,-289,634,798,104700,-74900,197100,92,-64,-710,1059.38,41.13,38.47
9f8a4fc1-45f4-4d15-a83e-874be62c554f,-14489,115,728,785,48200,22500,39600,93,-81,-704,1076.77,43.19,42.84
4cb3643c-fe48-4e79-9ccd-07df23794c5e,-14470,-239,728,650,-14700,41200,-23900,54,-24,-711,1004.79,49.69,48.24
8883f689-a770-453a-bed6-062fd5c620f4,-14452,-147,583,645,19900,8700,-12800,48,17,-720,881.77,42.99,42.11
abadc440-22a5-4463-8876-c46aa61fbbe5,-14433,-737,886,548,-130600,-56000,228800,-76,151,-675,1276.11,64.57,58.26
02dbef56-e420-4e11-af11-943bfe9fe17a,-14414,264,49,715,-172800,3600,363300,257,100,-690,763.76,20.58,3.92
64f92355-ef18-453b-854e-4b421f0ec8e7,-14402,804,-164,1101,-8700,81100,-142800,318,208,-624,1373.14,36.7,-8.47
1726e059-3c28-40aa-bc0a-2e448f68053d,-14364,-309,40,734,-267400,-159600,503500,272,160,-632,797.39,23.0,3.12
62d381ae-fa89-4c0b-af97-f5c1a3a0ea29,-14352,250,-139,918,-95000,-33700,40700,351,297,-552,961.53,17.31,-8.61
07a22f59-30e3-48a4-901f-0e5638cf0e27,-14327,-979,-48,624,190800,159300,-560600,-60,189,-615,1161.95,57.52,-4.4
20fd0bb8-4b84-4054-895d-d9e6e85df7dd,-14308,2,-219,1125,-347400,-16700,644000,156,178,-608,1146.12,11.02,-11.02
d07370f1-5f42-451c-b7b8-5d6d22ebff48,-14295,463,116,1218,-89800,21900,-2200,231,291,-531,1308.19,21.4,5.44
2c2cc844-1bb7-49c1-a90a-a38910aa84a5,-14277,-154,-29,1051,-110500,-65600,-26100,346,292,-437,1062.62,8.48,-1.58
3829768c-7f5d-4eea-9a3d-e8eb208bf4c2,-14252,25,-464,711,-289100,-173400,9700,531,156,-209,849.38,33.17,-33.13
99e8d94f-df47-4a7b-83c6-567e8c55fb18,-14233,696,-952,90,-62300,51100,-91600,531,86,-30,1182.72,85.64,-84.6
698f2583-c416-4558-96ee-3666e5ca09f4,-14214,-36,-418,590,215400,735600,180800,523,68,-207,723.96,35.42,-35.32
aa6af0f8-9e3b-4f93-ac72-d6b7cde756fc,-14189,1108,-641,710,13800,-300500,-218600,532,100,-237,1463.78,60.98,-42.08
97061f85-e972-4eee-b614-548a9a1d90e9,-14170,-1998,61,-1211,23800,-149600,-62300,468,307,-135,2337.14,121.21,177.12
a0bef6e8-2d63-4bd9-947c-402067b91a8a,-14158,739,-206,381,102900,-383900,-259400,525,27,-252,856.57,63.59,-28.4
602fd084-0e2d-421e-b65b-d0ba5159ec37,-14133,-537,-432,907,55000,120300,19600,472,141,-321,1139.14,37.23,-25.47
15059634-88e7-4298-98a7-0d26b6fbd93a,-14114,-221,-393,1061,106600,-114300,83800,423,157,-399,1152.83,23.02,-20.32
a596f99c-cc0a-42ef-b0dd-ed37531fcc87,-14095,-264,-213,967,-9300,41300,82200,369,207,-437,1024.77,19.33,-12.42
8d861f99-ec51-4958-ade1-9be521a2000d,-14077,-334,22,823,226300,94500,-52500,237,301,-494,888.46,22.13,1.53
e681f819-ade9-4868-aee5-3e4fa35d2bc2,-14058,-635,576,650,171200,123600,-178200,27,351,-510,1075.87,52.83,41.55
40ef98cd-bdc5-4fb3-94fe-554e2c5fc0c5,-14039,-928,267,373,29800,-700,-5100,11,408,-479,1035.18,68.88,35.6
10156463-1444-4766-a815-27859293da79,-14020,-746,620,248,223500,2500,4900,-172,432,-425,1001.21,75.66,68.2
39aff33f-64d4-47ec-a2c6-2e3c322cfd64,-14002,-418,589,-103,99100,-55800,-2800,-375,417,-282,729.56,98.12,99.92
f1b5e451-68cb-42d0-8693-75a9b0560844,-13983,-625,805,-381,165600,141900,223000,-522,303,-99,1088.03,110.5,115.33
25639b44-f81a-4ebf-ad18-916cb29f6703,-13964,-197,673,-482,23300,-100300,-95300,-532,264,34,850.92,124.5,125.61
bb9b3818-0765-441d-a9b5-fa0abfcc0ace,-13952,-532,616,-540,-10100,-211600,-47000,-496,372,-26,976.77,123.56,131.24
1a0e54d1-1859-400e-b0b3-29a6ea7aad8e,-13945,-861,328,-471,104500,-209400,22100,-480,397,-47,1034.77,117.08,145.15
e5014b47-8ea7-4327-a2a7-187a0b17dbab,-13902,-512,405,-665,54900,231600,-97600,-498,279,140,931.88,135.53,148.66
8e634d5d-be3b-4029-9e2d-d3966564cdbf,-13883,-212,307,-938,29500,-15200,15700,-484,78,199,1009.47,158.31,161.88
9562e27e-c224-4f50-9e41-6b44d0311e78,-13864,-54,209,-989,64800,-62200,58100,-490,56,206,1012.28,167.69,168.07
c849f62f-c116-4b31-b338-f263dad54b9b,-13845,-312,-463,-976,289800,-114300,-348000,-172,217,419,1124.41,150.23,-154.62
016b0b12-d1c0-4e8a-a168-e56e3374e423,-13827,499,-280,-1029,406100,87000,186900,168,304,377,1177.39,150.92,-164.78
3d615b79-7afa-43d4-acdd-ce7fe1d1495a,-13808,-1998,311,464,270200,223200,144500,315,442,130,2074.61,77.08,33.83
4e330382-47ee-4dd2-9691-c63044c4d9df,-13789,1998,-1330,-1702,17400,-123600,-233800,487,166,136,2942.4,125.34,-141.99
35b5bfff-acbf-4d64-8a54-98888676396d,-13764,-152,-195,-141,-85800,-357400,-416900,508,246,4,284.62,119.7,-125.87
38b28121-d4c9-4f5a-a8b5-e389a8b82194,-13745,-1998,-239,828,50100,-6500,48000,468,330,-81,2175.94,67.63,-16.1
e74941b8-0e05-4165-9dc9-b537fb571ce9,-13727,-97,-732,941,43400,-30300,32500,486,279,-171,1196.12,38.12,-37.88
f35d3df8-4006-4556-b6ad-8f5cbced9370,-13708,-438,-601,519,87700,-19800,-1800,463,310,-218,906.87,55.09,-49.19
f3f89938-9b53-4ff7-bf0d-aa374e573996,-13689,-825,-102,830,48000,162500,134900,330,462,-231,1174.7,45.04,-7.01
538e6718-968d-4062-9851-c4a87171c21f,-13670,-905,60,365,171700,-20000,4000,209,561,-167,977.68,68.08,9.33
d5238305-fe58-40c9-968d-a7831eb171ff,-13652,-963,7,-98,112600,161700,-51100,212,562,-122,968.0,95.81,175.91
d6025767-5582-47e1-aebe-139c8270b26f,-13633,-1023,-20,-228,-11800,31000,-23300,258,547,-74,1048.29,102.56,-174.99
1e093101-c948-454b-845c-83fcd237764f,-13614,-1071,344,148,-24000,-353200,220900,191,559,-204,1134.58,82.5,66.72
d298db65-3321-407f-ac41-6ea810198ec9,-13595,-592,618,504,55000,-229600,86900,93,528,-327,993.18,59.51,50.8
1b074102-f5c5-4b44-b9a0-7f5761611052,-13577,-1998,-486,-459,49700,88700,-155200,212,541,-218,2106.87,102.58,-133.36
19363ae2-7785-4f75-83f8-f3c1dcabfc85,-13552,1998,-1635,1625,-5600,-280400,90000,54,315,-525,3050.55,57.81,-45.18
55e2cdec-f6f5-4a1e-b2ac-4011be51cae8,-13533,-1998,-2,-1972,-117500,-96200,-8200,101,546,-261,2807.27,134.62,-179.94
c516378b-5f2f-498b-9934-168ac3830b83,-13514,1756,1997,584,327800,401300,55700,-228,345,-432,2722.61,77.61,73.7
ea3f4f56-9284-437d-9453-91330df02120,-13495,954,-1441,384,-127000,-193900,279600,-244,217,-486,1770.33,77.47,-75.08
33ab9256-0eff-4a24-8e48-af5bf837aec6,-13489,1532,1834,718,-66300,-10600,186900,-264,142,-477,2495.22,73.28,68.62
004f2883-697b-4b88-85ae-09881ac34a90,-13470,372,132,1106,-42400,-55900,-101200,-148,135,-528,1174.33,19.64,6.81
118b9751-d8c8-46da-b72e-e5076434316d,-13433,105,-427,792,-159900,-24100,42000,381,199,-368,905.88,29.04,-28.33
517d4e23-c3fe-404b-bfbe-deb5b4087f78,-13420,268,-897,1013,-178200,176700,-66700,448,226,-216,1379.35,42.74,-41.52
76ba1a43-a9d6-4b53-8834-59d6a52f980f,-13402,346,-814,-271,-197800,-226900,38000,489,120,-44,925.07,107.03,-108.41
4b8effee-79ed-4523-a621-ef01a5e7fb7c,-13383,66,-530,-757,-35700,18900,18000,394,282,103,926.45,144.8,-145.0
79f92c1b-568d-4cbe-97ee-31459d1ea4ea,-13358,-93,-287,-1050,-111700,10300,109100,230,361,221,1092.48,163.97,-164.71
2af36a4a-5aa3-4b59-b36c-2e37b19cddf9,-13339,-9,-455,-1845,43200,220800,27700,134,219,329,1900.3,166.14,-166.15
7c6dd759-32a4-4992-95df-72d8176ce474,-13320,476,46,-1997,572800,649700,-24600,378,-124,68,2053.46,166.53,178.68
2ab45218-5402-4ab2-99d1-e586e9ce63b4,-13302,-927,1997,334,476200,233800,181300,-207,397,-356,2226.86,81.37,80.51
6628def1-9026-4ac5-83b7-0439cbeb0062,-13283,-781,1422,-726,-326900,-287900,121400,-394,339,-234,1777.39,114.11,117.05
e04be4ea-0347-4ca0-9f2d-73059ffd1e1c,-13264,385,326,191,-350200,-302100,72000,-22,15,-545,539.43,69.26,59.63
9c2f1332-70f8-4c05-af19-2827907d6ed2,-13239,806,-310,105,-196700,-37600,20500,367,-178,-278,869.92,83.07,-71.29
c884b1b5-5e57-462b-8f55-945d4c80f346,-13220,288,-121,-946,-385200,-266700,165300,358,-49,160,996.24,161.73,-172.71
f7c0cdb5-d806-40e0-a946-96acae72a126,-13208,236,81,-1117,-278700,-181300,149400,215,120,319,1144.53,167.41,175.85
6e7b56dc-31b3-4845-acc1-8ab0c0bf4102,-13183,-475,310,-1997,337400,224800,-49600,113,174,341,2075.99,164.14,171.18
16ba39df-111d-419c-9823-b0755e44d63e,-13164,-142,692,166,504700,628800,-15400,417,-84,-312,725.66,76.78,76.51
ff8dfebb-fda2-4abd-97a9-566873f6157c,-13145,-202,119,589,123100,130500,27300,209,223,-498,633.94,21.7,11.42
1851e806-94d7-4665-a8ab-6a92a9277d25,-13127,-874,648,432,140400,173300,8100,-54,532,-272,1170.64,68.34,56.31
cddb4fbf-04e6-428f-a1dd-e142a2c81d7f,-13108,-855,570,-444,59600,130700,11500,-129,562,0,1119.4,113.37,127.92
9797300f-3d13-4393-a0a5-7e3c74d037de,-13089,-777,704,-524,48700,9400,47300,-144,538,94,1172.14,116.55,126.66
9bf0b0d8-4503-4d24-abba-b0fad95d5a06,-13070,-619,709,-583,106200,47200,41500,-166,511,154,1107.13,121.78,129.43
ff527b99-bf14-4a27-8d08-6bcb7a28f751,-13052,-501,560,-739,155500,59200,57400,-105,463,224,1053.91,134.52,142.85
32c9457d-34d2-43e1-bfba-2e2f8e0046b0,-13033,-630,726,-392,-86300,-126600,55700,-123,511,160,1038.09,112.19,118.37
b7854974-47b2-4ed7-8bb6-1c41ad621ca3,-13014,-405,493,-123,-175400,-264300,251500,-343,460,-165,649.77,100.91,104.01
77b13b6b-a306-4cf3-ba20-fd8fd1f089ac,-12995,-341,723,387,-280200,-98500,34000,-264,360,-393,888.13,64.17,61.84
252db2d5-746f-48dc-90fb-3b3133964f57,-12989,-443,646,686,-575500,-74500,-20300,-105,330,-477,1041.23,48.79,43.28
7cefa135-9cb7-4c58-9847-5da7b3f2a239,-12952,-387,-322,895,-81900,3900,38700,351,309,-353,1026.88,29.36,-19.79
dec98694-39a6-403c-ae7f-131b84379359,-12933,441,-550,760,-256100,-324300,6600,388,24,-395,1036.62,42.85,-35.89
480214e7-fa7d-4856-9c69-c8c2084bd214,-12920,593,-788,70,15500,-10300,41700,477,-22,-227,988.68,85.94,-84.92
eae76d49-e8dd-4b41-8d1e-7d942447bab7,-12908,505,-721,296,-50600,157800,57600,487,48,-213,928.7,71.41,-67.68
8f7c0e0b-0764-41df-894a-3e29118359a1,-12870,232,-913,211,-263600,-54200,3700,457,178,74,965.36,77.37,-76.99
4362a9f9-24a1-4f58-928f-104f24f5be3e,-12852,325,-758,-565,-223900,6700,-34000,249,189,302,999.71,124.41,-126.7
b0e1d405-3611-47d8-ad1a-dcaa736f9634,-12839,229,-764,-654,-83000,23900,-36200,149,195,347,1031.43,129.35,-130.56
22fb7b03-7605-4c9f-9c40-6ec5d50399a5,-12820,267,-570,-690,-19800,9100,3900,131,181,367,933.96,137.63,-140.44
51956569-ff85-4b71-94ad-e60ea4011a90,-12783,-122,132,-1167,-630400,166300,206900,-319,244,278,1180.76,171.24,173.55
4bd98586-c756-480c-9e2f-8a9dafe46c15,-12770,81,421,-878,-124900,19900,47000,-450,175,169,977.08,153.97,154.38
b494b7df-6572-42eb-96d4-123bf0bd9a5c,-12752,531,662,-415,-139700,378900,-139500,-502,44,63,944.69,116.06,122.08
ce1b9035-a047-45cb-825a-3714fa2c34ef,-12733,553,1019,136,15100,-9800,8100,-526,132,-17,1167.33,83.31,82.4
b5c2aaec-c219-4e68-aa80-0cc122e0c2a0,-12708,187,737,451,-278600,-66300,-93300,-439,201,-314,884.05,59.33,58.54
67970f19-d7b2-4f0c-ae58-449f8834a478,-12689,321,682,732,-241000,-161100,-181500,-184,208,-513,1050.71,45.84,42.97
1e7623cb-d006-4ce6-acc0-ff16772a3b37,-12670,41,630,814,-58500,37400,11200,-64,252,-528,1030.13,37.8,37.74
e227bcfb-9087-414e-b2d0-afd2f84e2be1,-12652,-19,462,928,3700,57600,-46800,-21,304,-516,1036.82,26.49,26.47
eaee1845-7b90-41fa-9757-521aebe62fa1,-12639,-139,508,888,-12100,-17100,-6600,-16,309,-507,1032.44,30.67,29.77
372563ac-fab7-49e4-b221-38dedd048bbd,-12602,-12,447,879,8000,-4400,-17700,-16,283,-525,986.2,26.96,26.95
7f7804af-fcb0-4a35-baf3-192d76cd80c3,-12595,-269,632,811,65300,22800,-80500,-24,288,-519,1062.78,40.26,37.93
fd058e69-c08d-43a0-8b78-51c352ccff25,-12558,-111,456,781,-10700,-82600,-105900,75,228,-581,911.16,31.0,30.28
fb16ac5f-07ee-47dd-a60b-ea15f207a04b,-12539,30,252,939,18400,-600,-26900,185,92,-624,972.69,15.12,15.02
9a5b4445-6b89-42dc-8a4a-83e4fbba373b,-12527,-33,248,928,200,400,45000,164,89,-630,961.13,15.09,14.96
79ec67e5-7898-4a50-b5e4-8061d6af4cb7,-12508,6,740,982,30400,103100,221400,27,169,-590,1229.62,37.0,37.0
0ff71578-0913-4bb3-a937-95f7124ae17b,-12483,159,714,631,36900,27600,59800,-117,213,-548,966.04,49.22,48.53
1ace850f-e319-4fcb-8893-771a8fffed7b,-12464,118,725,637,24600,-7800,9100,-169,216,-528,972.27,49.07,48.7
bfd3fae8-201a-4d94-8dd9-82dafe91709d,-12445,262,624,773,-3100,-11500,22700,-169,192,-530,1027.4,41.2,38.91
1f889100-f0d5-4643-b3af-f26c9537e5ad,-12427,220,746,686,6900,0,19700,-190,174,-530,1037.07,48.59,47.4
69626b5c-9da3-4d36-a889-781915ac0119,-12408,265,674,705,5100,-2100,-200,-186,154,-534,1010.71,45.77,43.71
0823c6d3-2650-4948-b47e-3fd59bf6bd25,-12389,308,745,717,-400,2900,1100,-193,153,-533,1078.88,48.35,46.1
2d1bd79a-b962-4bba-a507-d78cf32ac542,-12370,260,865,790,53200,-18900,-48800,-207,163,-513,1199.97,48.83,47.59
334ffdd8-60af-4183-bdca-d9bef0c3452a,-12345,226,1040,576,-5400,-2400,-35600,-235,189,-536,1210.15,61.58,61.02
c3408b9d-b204-4cb6-9910-6569aa247f05,-12327,69,359,502,-25900,19700,14500,-183,265,-572,621.0,36.06,35.57
fdf9e97a-2a12-4956-926e-31891762b7a8,-12308,329,388,682,28800,2800,9300,-220,249,-564,850.83,36.72,29.64
7091d13b-4355-4cc7-8874-e9545c8f7034,-12289,214,759,546,37900,14300,43800,-273,216,-527,959.16,55.3,54.27
56488d7a-48f4-4c2a-b74a-a20e4f431a45,-12270,301,986,469,10300,5300,8400,-306,160,-477,1132.59,65.54,64.56
f5b95138-d650-4886-a481-8f360aa7ba0c,-12252,-167,1575,-39,327900,16800,-372300,-337,349,-348,1584.31,91.41,91.42
c3691f31-3e5c-44d1-a647-75180cd20d75,-12233,-568,763,-97,145200,115200,-75700,-258,511,-221,956.14,95.82,97.25
3e68a610-d039-42a4-bba8-8cdcc7b077b5,-12214,-89,775,-464,155600,125700,362100,-478,349,1,907.66,120.74,120.91
b07e4011-26f1-47c6-b111-3924e5895307,-12195,-137,-114,-830,338100,-178700,-51800,-364,151,278,848.92,167.88,-172.18
c9935f05-bcf1-41cd-818a-bd846623c0d6,-12170,-179,-88,-1122,-101900,-103000,60200,-120,489,217,1139.59,169.92,-175.52
33d2a176-2273-46da-a279-fd8d0f74a50c,-12152,84,1619,-907,-721500,238200,342900,-487,316,-101,1857.65,119.23,119.26
1ef054bd-b2a5-4bee-9afe-cd7e6c6e00d9,-12139,-1032,627,-990,-818500,332000,341000,-243,276,-494,1561.49,129.35,147.65
d222019d-24f6-434d-b2c3-fc66ef1ded54,-12120,154,-515,1028,-214200,-11200,-35000,215,346,-477,1160.05,27.6,-26.61
0b9524d2-a130-4a67-99a4-8c1e7246a8e7,-12108,243,-514,1047,-60400,-13200,2100,300,307,-444,1191.41,28.5,-26.15
ad07406f-6c65-462f-afb5-610c32b992c6,-12070,1,-258,871,32100,133700,-206800,345,253,-443,908.41,16.5,-16.5
91848ffc-8db3-46b1-9c0e-5e9a4f2689ec,-12052,-177,62,937,146400,98000,-213500,300,189,-512,955.58,11.32,3.79
d8a8c593-2ddc-437d-a04c-c5086a2c5439,-12033,-631,206,725,179900,208900,-268800,167,243,-558,982.97,42.48,15.86
2207e6e4-ca4c-4c65-b6aa-199a5e486046,-12014,-983,-103,262,83700,187600,-194900,149,426,-443,1022.52,75.15,-21.46
74abdb99-5c38-4903-9c51-3b14ff65eebc,-11995,-882,-437,-37,46500,82300,-123900,224,472,-368,985.02,92.15,-94.84
bcff453a-9fd6-4fdf-971e-52d579f4e141,-11977,-611,-652,-37,-19300,-128200,185100,243,468,-351,894.31,92.37,-93.25
4d64379f-6f48-46a2-9a35-4de787195b42,-11958,-1108,251,269,45700,-61000,28000,18,439,-474,1167.49,76.68,43.02
4d83a9b0-3f19-4479-afc0-398f735a53fd,-11945,-557,347,545,42500,27000,-45500,-16,414,-477,853.04,50.29,32.48
f5cef6f9-1ce0-48e6-8328-09fe2cda607e,-11920,1998,-529,1998,-130600,-66500,117800,54,80,-627,2874.69,45.97,-14.83
3186fb82-814b-4959-8538-4ca555951def,-11908,-1998,445,-1175,393100,224200,-370400,-186,360,-453,2360.22,119.86,159.26
fff9ea2b-b0b0-4094-af48-09ad9e4c150d,-11870,-610,399,159,-290600,-196400,329400,-184,229,-534,746.04,77.69,68.27
4ba2e79d-37bf-4f5e-aa98-98414a49ba4b,-11852,-1557,869,-429,203700,109300,-216300,-244,328,-437,1833.97,103.53,116.27
0ae009f0-41b9-4f2e-86a3-b08f47e37a4a,-11833,765,753,1590,110200,140200,-256500,-75,232,-554,1918.42,34.02,25.34
8c61eda8-1c11-4992-a210-3e936a368c55,-11814,-838,399,185,-216300,-227300,240800,-60,403,-456,946.4,78.73,65.12
57faec6b-dca4-439c-bba7-8998b37fa941,-11795,152,-346,969,-220900,-1800,390700,95,261,-530,1040.09,21.31,-19.65
48f1c14f-9e6b-4ee8-9bb7-47f12674a487,-11777,108,-551,948,-66100,41300,10000,164,301,-486,1101.8,30.64,-30.17
68a0e5b7-b5d9-4a4c-a374-4bdcdd5d5db3,-11758,251,40,1120,246600,5000,-171000,90,303,-509,1148.48,12.79,2.05
17934832-6adc-49e0-9d9b-d8392cfa0341,-11739,122,-32,958,-45600,-10600,153000,-1,279,-510,966.27,7.5,-1.91
aecccf19-9806-4df8-9c19-52d8813e9b87,-11720,-19,-281,901,-63500,37600,139300,-31,283,-512,943.99,17.36,-17.32
265cb563-d619-472b-862e-7bfdb83f8aef,-11702,-10,-183,966,15600,12200,34400,-64,301,-498,983.23,10.74,-10.73
82c38058-c492-48ce-9542-79270fea1522,-11683,-39,-125,1004,-6800,-26600,95800,-84,280,-510,1012.5,7.43,-7.1
92a4cf75-608c-4c22-9b50-f90627ddf1d8,-11664,261,24,1184,1100,-71100,141800,-142,201,-522,1212.66,12.48,1.16
4a98725d-ce89-4701-b099-5e84cbf42215,-11639,-290,-284,1047,43400,-88000,75100,-96,-57,-540,1122.93,21.19,-15.18
ab45b3fc-cea1-4878-94ea-ed9b9b17d34f,-11620,133,853,463,344500,4600,-391600,-430,186,-294,979.63,61.8,61.51
fbfe73d3-bb8c-4040-91b2-8c549906eab2,-11602,-874,1049,-132,208500,45500,-402500,-156,558,28,1371.75,95.52,97.17
7f5114de-0e6f-47c8-8c68-a3b200bab862,-11583,-124,745,117,-367400,67900,785000,-466,26,-248,764.26,81.19,81.07
970144cc-0bb7-4148-92a4-8184b2c708b6,-11564,403,97,873,-269900,82900,-160500,-196,-58,-492,966.41,25.4,6.34
2a3465b7-a5c5-4c9a-aaab-dbcf690c2d8e,-11545,1059,-541,697,-133400,-58300,-128700,104,-153,-497,1378.39,59.62,-37.82
0ed1f7fe-8700-4b0d-91e5-a7025866fd84,-11527,964,-508,752,-84300,110000,-81900,153,-130,-492,1323.96,55.39,-34.04
a7d18ebc-df42-4821-b84f-015f9660e436,-11508,612,-466,830,-28800,139700,14400,164,59,-539,1131.64,42.82,-29.31
f773ebce-1310-487d-852c-28ea8cc1d20e,-11489,264,-897,453,-10600,107800,72800,122,210,-518,1039.0,64.15,-63.21
08e034c8-bd46-4a44-9edd-62d6e745c4e3,-11470,-719,-385,312,45600,306100,-128700,164,459,-321,873.23,69.07,-50.98
9e15c106-4704-490c-87c2-32199c6963b2,-11452,-626,-458,582,-137900,-227800,120400,210,490,-219,969.72,53.12,-38.2
2d3ba2ac-b542-401c-b4e8-fb539f10127f,-11427,-290,-638,772,-75400,-202200,39400,201,453,-300,1042.65,42.23,-39.57
0f0f12ea-ff62-4395-9703-46dd6b544d31,-11408,169,-582,596,-66200,-472300,19000,287,94,-473,850.0,45.48,-44.32
cc3b6242-8fb8-4f34-a2ab-807d2cbdae45,-11389,341,-739,405,-143300,-49200,106300,387,41,-377,909.08,63.54,-61.28
9d97cc99-f035-4ae5-b2c0-f35eb160f19c,-11370,125,-1066,-301,-122000,246400,-46400,462,171,-180,1114.71,105.67,-105.77
da27d53b-bfea-4bb3-905d-a8912bfec954,-11352,178,-800,-344,-210400,109200,-28200,468,145,16,888.83,112.77,-113.27
99b7a8fd-a025-46b0-a82f-7784fad8af2a,-11333,133,-743,-708,-45200,-9500,-17900,376,141,182,1034.89,133.17,-133.62
9e65887a-b67a-44b9-a6dd-7f0ff41ed69d,-11314,253,-47,-683,-198600,4700,-96600,173,-87,281,729.87,159.36,-176.06
3a646c55-d87b-42c7-aa60-d34d0037d4d3,-11295,397,485,-808,-173800,-66500,65300,-126,18,347,1022.59,142.2,149.03
a4071068-2821-47e3-a2e1-950a2ac28685,-11277,332,673,-540,-152100,275500,-119000,-231,-156,212,924.53,125.74,128.74
e937950e-795a-4a4a-bf9c-8186e06484b4,-11258,92,548,656,-132400,456800,-74600,-370,-187,-173,859.71,40.27,39.87
2f5918b6-c22d-464a-94c2-d076b9b199fd,-11233,778,359,563,111500,-709100,103100,-246,-255,-260,1025.25,56.69,32.52
41e6256f-988d-405b-b7ae-788e627eba28,-11214,903,271,1032,-171700,-208800,-69200,-255,-289,-161,1397.81,42.41,14.71
cd380d2c-db0a-484b-b176-29ec327b3661,-11195,1994,211,-1369,236000,143700,190600,-229,-303,-149,2427.9,124.32,171.24
0985ac4a-ff40-465e-891a-17a5aad53af9,-11177,555,251,1998,25100,125300,65400,-357,-189,7,2088.79,16.95,7.16
d0dce0c9-b0f3-4d59-9a87-6dccd5171785,-11158,946,-1368,1565,-376900,-469000,-223700,-348,-208,-36,2283.76,46.74,-41.16
a746e37e-c5c5-4d79-876f-a812b5a3510a,-11139,1362,890,-1892,49200,80400,-41700,-277,-271,-51,2495.36,139.31,154.81
41fd65be-894f-4189-b0f5-c40dd2974d1c,-11120,689,1083,323,20500,112200,7900,-333,-208,19,1323.61,75.88,73.39
a30236fb-13c4-44d3-86da-673611da6821,-11102,510,716,523,-49900,159100,-27800,-333,-198,-233,1022.88,59.25,53.85
14ff4184-beee-4465-9d4c-c25631f8e329,-11083,308,504,1064,-10500,-40400,-6700,-316,-228,-230,1216.95,29.04,25.35
06aec6a7-6ff8-4b67-91c0-d6da1978a196,-11064,758,526,103,207500,-39600,1400,-289,-219,106,928.36,83.63,78.92
409f4ee3-c0ce-46f0-89da-ffa6ebe56bd8,-11045,-79,277,-896,269200,-280700,-139500,-42,87,368,941.16,162.18,162.82
b24974db-a178-4571-9612-f8c0bc2bfbfa,-11020,-403,-366,-779,90400,-155200,-41300,346,271,157,950.37,145.05,-154.83
1fe2dc42-226b-4fab-ab25-54772020bd1c,-11002,-518,-727,-1315,-294900,191000,-100300,336,262,182,1589.36,145.83,-151.06
dbe7ce13-593f-4484-9b29-9d17e30030da,-10983,59,-447,-1072,18500,135800,-130700,293,0,248,1162.96,157.19,-157.36
3cc7b790-c736-45f5-b921-9495bc39c5b3,-10964,-247,-417,-905,41300,-117600,-2700,319,121,253,1026.61,151.83,-155.26
0c3a7e0c-7c79-4f25-884b-73226ffe7ddb,-10945,54,-119,-1211,-35200,168300,63400,372,142,202,1218.03,173.84,-174.39
28da6810-c2bb-4f19-b3a5-a621a762f6f5,-10927,-122,-685,-385,-81700,-287700,-126600,480,150,-6,795.19,118.96,-119.34
dc87120a-b800-4c9c-8759-71fef42cb5b0,-10908,-573,-967,30,215900,56800,-23700,450,241,-186,1124.42,88.47,-88.22
c9e15a2f-ba8e-49c0-9658-c59d6a0e094e,-10889,-764,-90,770,557900,286000,53400,75,294,-483,1088.44,44.97,-6.67
01ac03f6-f199-4d10-82b7-635a9c26bbce,-10870,-343,6,1524,135200,-158400,-152300,-109,207,-510,1562.13,12.69,0.23
24de857b-fb55-4a67-975f-2f97eca7bdda,-10845,-1880,-137,-923,-19900,192900,4900,-108,559,-122,2098.83,116.09,-171.56
30d02b11-1cb5-458a-83cc-4811bea3afc4,-10827,266,-133,1149,-85100,-498000,-165100,50,330,-474,1186.86,14.51,-6.6
8de91c2d-a6e9-43bf-b28c-bcae1ee09b65,-10808,-1998,13,-1473,104000,713300,45000,-55,510,-267,2482.32,126.4,179.49
4188d999-9107-4623-95a9-c944d1b13c4e,-10789,1998,-260,1998,-31500,350300,53900,114,352,-438,2837.54,45.24,-7.41
4431b21b-b5b5-4f71-8008-cd6544b0880f,-10770,-813,269,-277,106500,-412000,-189600,6,436,-387,900.03,107.92,135.84
f0b1a6a3-db43-4b5e-bbd6-8af81a26897f,-10752,-114,-501,1006,-10700,45200,13000,92,256,-500,1129.62,27.06,-26.47
4da33e87-b624-4dba-ab94-5ccae1db81ce,-10733,64,-840,835,-58800,-392400,-30100,186,30,-510,1186.14,45.25,-45.17
e994f475-5f8a-495d-9d87-c7a500c2e487,-10714,587,-795,-438,-369400,-14800,43400,319,-258,-53,1080.94,113.9,-118.85
723fe5c7-d7f2-441e-af59-030c5bbfc06a,-10695,414,-607,-656,-20000,-61800,-11400,288,-232,66,984.98,131.76,-137.22
ddf35ede-d72f-4b7c-ad7c-b4066ca137f0,-10677,-54,-260,-672,-44800,-164300,-16500,291,-150,152,722.56,158.44,-158.85
e9be1ced-5c32-4042-bded-af01f90e8365,-10658,118,-675,-459,-73300,183200,142500,348,-171,67,824.76,123.82,-124.22
82d1315f-3178-47d5-b4df-531b2dd25de6,-10639,423,64,-756,-318900,48900,53900,224,-168,193,868.65,150.5,175.16
be2003de-4281-44f9-8770-51ea9f294d6b,-10620,278,502,-736,-202100,-73200,-73100,-19,-175,254,933.27,142.06,145.7
fce6d1ab-1a9a-4f32-9341-49267cf932cb,-10602,334,698,-598,-128200,34800,700,-199,-151,242,977.94,127.7,130.59
9c2d9fbd-c5e9-4419-9142-17ff46288929,-10577,612,865,-291,-26600,245900,-136000,-241,-294,10,1098.84,105.36,108.59
dfb03134-e597-4be2-a17b-e823c6d0cdde,-10558,54,817,588,-48700,165800,-27700,-255,-208,-323,1008.04,54.32,54.26
20ff7183-d71c-429c-b6e0-59ec1d0b3d94,-10539,18,848,527,-27300,-15200,-42900,-327,-171,-267,998.58,58.15,58.14
9ba691d3-81fb-4554-bc1a-5cbb8e801354,-10520,-202,823,842,-117300,-98300,-88600,-265,2,-440,1194.61,45.18,44.35
956cb83d-62f8-4ef0-bace-815cb2e2907a,-10502,130,250,964,-47400,-114300,-13000,-19,-190,-449,1004.34,16.29,14.54
2dcbfa5b-eda0-40a8-80c3-8c9813b3bf15,-10483,133,375,940,-127800,-80200,-62500,-42,-175,-464,1020.74,22.94,21.75
b04962ca-e3ca-467c-b883-1f7fee84a44a,-10464,608,762,1654,-21700,55300,22600,-9,-223,-444,1919.9,30.51,24.74
8863c4bc-a18c-45f5-9558-e1b5dc8f47ae,-10445,245,-86,920,-31000,-3400,-29900,195,-181,-434,955.94,15.76,-5.34
5870b994-135d-4cd2-bc38-192a574a8ea9,-10427,201,-529,582,-265400,-48100,-40600,273,-223,-345,811.77,44.2,-42.27
eee321a3-e29b-4819-8237-73b20e43890b,-10408,378,-958,497,-118900,100100,-48500,355,-231,-147,1143.53,64.24,-62.58
564b664b-b70a-4dba-84f0-84711f13a588,-10389,277,-945,516,-21400,-197000,-5800,333,-250,-80,1111.76,62.35,-61.36
4d6448f0-f530-4906-9e43-3010de6836ab,-10364,108,-1040,-1360,-100300,30500,21300,258,-49,245,1715.48,142.45,-142.59
c9b24e7f-1d51-4d0f-8ee6-d74410689d45,-10345,-870,954,-189,412400,642900,273100,340,-159,-356,1304.89,98.33,101.21
9face6f5-a4d7-46bb-a653-fba6148040f9,-10327,1525,613,-1070,-307800,-462600,-367500,321,-220,-302,1961.2,123.06,150.19
83c8d19a-51fe-4629-b8c8-ecc0157774f6,-10308,-1998,1997,1165,262300,560900,328300,216,56,-500,3055.69,67.59,59.74
3634f5f4-2e79-4d08-ace1-97852e7c88f2,-10289,1998,-544,1907,195800,87200,-234300,69,-96,-506,2815.06,47.36,-15.92
14a35bf3-e80e-4644-8b20-9a41db31a702,-10270,-600,-364,778,22100,205700,-6500,20,90,-540,1047.75,42.05,-25.07
b12c8be2-e235-4e5a-bf83-37042ba0152b,-10252,-657,-203,878,40800,122500,-24100,-16,259,-513,1115.23,38.07,-13.02
5c80740e-f6ca-4342-af0c-483dd025e6c6,-10233,-705,-60,439,7700,-26800,115000,-52,358,-452,832.67,58.18,-7.78
3cc7e3ec-31ea-4912-b76a-6bd82ae82e87,-10214,-709,603,527,195600,65600,114800,-310,321,-354,1069.59,60.48,48.85
2da21730-688b-49d0-b78d-9029daeffa73,-10195,-583,782,322,92900,7800,75100,-451,253,-221,1027.18,71.73,67.62
85e78463-e513-4cf0-9446-1ef2e56755ac,-10177,-756,979,149,-13900,13700,-40600,-444,249,-219,1245.86,83.13,81.35
113d1e14-d2a5-46e1-b924-23ae3013019c,-10158,-619,944,31,220000,32900,15100,-486,208,-119,1129.27,88.43,88.12
d96128b5-1b78-4aab-8590-04e95cde0a8f,-10133,-204,774,-531,30200,115500,104700,-423,38,188,960.55,123.56,124.45
1ca0d0c5-4b93-448e-bfc8-98cc3bef2afa,-10114,99,816,-924,10700,-38700,52700,-381,-102,142,1236.7,138.34,138.55
838fd119-3565-4bf7-8ae0-45dfd9648349,-10095,125,269,-674,227200,51800,1400,-63,-27,344,736.38,156.25,158.24
e949fcd6-19d2-4229-af0b-ccd64e55406e,-10077,-1106,-643,-555,38900,-362300,-7900,95,154,350,1394.53,113.45,-130.8
8dae8830-af65-4c04-93f2-e22b94ad2cb4,-10058,1686,-1486,605,-138700,730100,152600,66,-76,313,2327.41,74.93,-67.85
c48d4f27-985f-423f-a921-0e3b902e038c,-10039,-1998,798,-577,-92400,-169600,230600,66,307,320,2227.5,105.01,125.87
489e9e35-fb4a-4b4a-95d4-e443eb0bbbb2,-10020,1490,-809,-982,60000,27100,35200,222,99,296,1959.31,120.08,-140.52
22ab8e8b-5b82-4af6-aae7-6610dab7d879,-10002,-295,-264,-832,77400,145000,-302800,251,-82,229,921.38,154.55,-162.4
7619a02c-d21d-4c73-b280-8e3fc226d5d6,-9983,119,-99,-639,-1900,-95600,166600,228,-177,194,657.48,166.38,-171.19
00d19a88-8bd2-42bb-86ea-675bc111b709,-9964,691,-201,-1014,-14400,176100,-271100,149,-210,188,1243.41,144.64,-168.79
102324f2-3d9d-4ddc-8dc8-dd34f77b6b85,-9939,754,-179,-559,54000,44100,-148900,-30,-354,25,955.53,125.8,-162.24
70814373-9cf2-4f2b-9490-5fc5de45d842,-9920,970,58,-572,192900,-14000,-171200,-159,-294,85,1127.59,120.48,174.21
6e586865-086f-470b-9ace-4a923e6b1777,-9902,799,-88,-607,100600,53400,-22500,-153,-262,137,1007.27,127.06,-171.75
ee382f45-8278-4d44-ac96-e9daa9f28782,-9883,863,-247,-369,158600,29500,62300,-39,-313,107,970.54,112.35,-146.2
22473f70-2576-4bcb-b7a8-703a0fa8544c,-9864,701,-582,-284,270900,-127700,32900,141,-262,142,954.35,107.31,-116.01
264f09d9-a2ad-4476-9614-018596b006f9,-9845,757,-696,-133,182800,87500,16500,236,-283,64,1036.9,97.37,-100.82
f67e24da-e019-47af-b862-eabb1c4cc2a0,-9827,293,-425,853,226300,302600,6700,215,-249,-351,997.04,31.18,-26.48
1979b074-90c7-4e79-b0f0-425bba5729f3,-9808,-98,-83,1031,150300,182700,3900,75,-69,-521,1038.97,7.1,-4.6
2c7a09a6-7125-448e-bacc-cd892fa24d4f,-9789,-560,174,903,141800,152600,-59500,-115,139,-527,1076.7,33.0,10.91
9c62b486-ea27-449b-b0db-c6d2f7fcbf00,-9770,-775,367,730,-19300,-30400,-46100,-180,270,-465,1126.15,49.59,26.69
055aab40-c3e1-4d08-bb58-0dac6afdbde8,-9752,-515,349,689,16300,-92300,100100,-184,234,-480,928.3,42.08,26.86
f9947b72-dcf1-409e-ad4a-a3766a9d6f26,-9733,-812,544,624,-27000,54300,1400,-240,63,-480,1159.59,57.44,41.08
da0c582d-d498-46f4-923f-0e213e2f9d48,-9708,-863,235,519,72400,40600,-98900,-148,393,-399,1034.1,59.88,24.36
987cb2e1-34f3-4ebd-b852-c3a605559202,-9689,-626,364,648,11500,-94700,220700,-234,316,-420,971.74,48.18,29.32
55ce7def-5434-4d20-86d6-d37f01f812b7,-9670,-760,317,610,-168900,-110600,331100,-250,66,-471,1024.79,53.47,27.46
d9538941-1700-4ca5-a927-2dca29fab273,-9652,-23,-686,1047,-204100,-5900,440300,132,-114,-501,1251.93,33.25,-33.23
b49209b2-433b-44b4-b4c4-d62c2e660b7b,-9633,-682,739,-64,428800,1900,-950100,-114,-129,-486,1007.64,93.64,94.95
77eb75f2-a5cd-482f-8050-4abc1a7398b3,-9614,1705,-1998,1370,-347000,-127700,331000,-138,-117,-489,2962.42,62.45,-55.56
79112c2b-6cb1-4ef3-9a14-f4a2a02478bf,-9595,-1943,-214,-582,-247100,-319700,404700,-334,253,-383,2039.55,106.58,-159.81
49c50bd7-3465-48df-bd21-c2c76e896e2d,-9570,-1998,1377,-1025,60000,24200,-36600,-358,319,-306,2634.15,112.9,126.66
73035c72-edc5-4045-bd71-5429b18433b0,-9558,723,720,699,152800,-137900,59700,-400,147,-329,1236.82,55.59,45.85
a2e508b5-ca7e-40ab-b0c9-333f7b90ebf7,-9533,-239,969,413,-172000,147000,295900,-367,-45,-350,1080.12,67.52,66.92
a67c103a-2b61-444c-8569-c0dde2ada70e,-9514,67,541,805,-197300,84000,135100,-81,-75,-512,972.21,34.11,33.9
8e2bf347-a8bf-4b57-a485-74985728bef3,-9495,250,337,1007,-41000,1400,-40800,90,-49,-518,1090.93,22.62,18.5
329bac34-6cc8-4d76-92b1-cbabb3a0e380,-9477,141,224,989,10400,-58600,-41000,51,-72,-516,1023.81,14.98,12.76
4ec37710-ef5d-412a-bc16-638e85e8e5c6,-9458,260,301,1029,91900,-20200,-196400,-16,-127,-495,1103.2,21.13,16.31
ab69a182-3e4a-4f87-82fa-457f7b47c5ee,-9439,-354,-444,825,-33300,296700,159400,-159,50,-513,1001.54,34.54,-28.29
ee115b27-9e90-4b37-9981-d9ef3ff66603,-9420,-316,853,536,263900,-6700,-62700,-369,65,-377,1055.82,59.49,57.86
8240fd4b-e08b-4bd8-a2fa-fd312d595e08,-9402,-357,947,-524,313100,-97800,-283100,-486,247,-30,1139.66,117.37,118.96
008db03d-2cbd-4ac6-b47a-f0ccbaac1e4d,-9383,-797,116,-486,70200,61100,-150900,-291,463,103,940.67,121.11,166.58
1a74c4ed-51f2-4875-8206-dea632b0a55e,-9364,-607,-482,-504,71400,-5700,-190700,-36,531,136,924.55,123.03,-136.28
b838d265-470e-492e-8a55-ee8bdabc461e,-9345,-560,-677,-600,60500,83900,-116500,132,484,152,1063.92,124.33,-131.55
543782ad-78aa-404b-af33-4a1fb5001344,-9327,-268,-933,-611,83500,122800,-50100,243,369,190,1147.01,122.19,-123.22
7f43e39c-452e-4a70-9fe2-58a678c5316e,-9308,-281,-889,-500,32000,43700,53000,282,334,187,1057.96,118.2,-119.35
822b0d89-adee-4946-bf69-b428824b3511,-9283,-915,56,-408,-369800,-186200,458200,-243,495,79,1003.41,113.99,172.18
0aa0ffb0-f2ab-4ae3-8139-91fa43e859cc,-9264,-475,649,432,-500900,-99000,347900,-306,68,-440,912.93,61.76,56.35
e5c632f0-df31-44f0-b286-38edf5d4e877,-9245,181,756,1281,371000,237500,-239200,-247,-1,-461,1498.42,31.25,30.55
08b4cd12-91f5-4cdb-bcf4-255290c76e44,-9227,-766,11,-46,-366500,-172400,315100,-414,250,-293,767.46,93.44,166.55
6479a2a0-fed4-49d5-a2b1-4c2722040868,-9208,-104,546,756,-437400,-261400,363000,-108,-93,-498,938.33,36.32,35.84
efc244c3-a6e2-4222-a5d0-135d16d4919d,-9189,466,-318,811,-197600,-108800,-8100,245,-262,-317,987.93,34.82,-21.41
5ddf1f41-1fe7-4e88-bcaa-bba653ab1083,-9170,635,-321,617,-175200,3700,-98100,240,-315,-198,941.78,49.07,-27.49
155c34c7-e813-4979-a3e2-d9ff1d0a9842,-9152,741,-547,508,-72100,500,7000,224,-334,-143,1051.83,61.12,-47.12
1d46a3b2-a481-4d66-b5e7-527e77d5f719,-9127,458,-506,854,-23800,7200,33100,240,-292,-237,1093.21,38.63,-30.65
52262901-911d-447d-912e-89a01a18dffa,-9108,452,-811,-179,-164200,-314500,184300,334,-139,121,945.55,100.91,-102.45
2c5a3139-aa35-499d-8c26-1b88aa30d529,-9089,-98,-937,-749,-72800,53100,14700,200,144,308,1203.57,128.49,-128.64
3897ffc2-1faf-4298-a26c-ede96f1f2985,-9070,-60,-370,-430,-94700,9100,32900,108,83,341,570.44,138.92,-139.29
a2c5b97d-0e93-42d4-ab23-7fea35215790,-9052,-299,-368,-1997,326200,205100,-87800,18,26,346,2052.52,166.64,-169.56
9bcba6e2-e1f1-4062-8aa7-4b25d0e08183,-9033,-1651,652,1814,35300,194800,42200,349,-205,-236,2538.01,44.38,19.77
0aa2d99c-02d8-426a-994e-cd916c72a361,-9014,776,-587,897,92700,5600,149400,152,-120,-494,1323.39,47.33,-33.2
2ed49ee6-039d-441c-a912-2ae1c32a7884,-8995,-220,-33,1093,105100,40600,-26300,26,35,-537,1115.41,11.5,-1.73
eb286739-514b-4cff-8836-0e31a6a365b5,-8977,-734,128,720,119400,160400,-10600,-154,232,-491,1036.12,45.98,10.08
102146d2-9245-4987-8680-bd946347f6d6,-8952,-820,213,408,59200,73700,-18200,-256,363,-341,940.34,64.29,27.57
9e2d874c-e61b-454b-bb52-114c127d6a15,-8933,-959,338,327,22600,29100,-6300,-286,412,-270,1068.11,72.17,45.95
4b075b8a-8c3a-4aa4-bc4a-985bc4c28476,-8914,-948,259,168,-6100,17200,900,-276,432,-237,997.0,80.3,57.03
8c53011d-dcee-4820-bc8f-b0fe60d87719,-8895,-935,236,100,14500,58500,-11800,-283,454,-206,969.5,84.08,67.04
678503cc-5adb-4640-afde-4afaa1349752,-8877,-971,261,-35,29800,68000,-11900,-294,477,-122,1006.08,91.99,97.64
744da816-ddbd-41f2-8ea8-d262240def3d,-8858,-956,219,-365,42100,103400,-7700,-277,492,-5,1046.48,110.41,149.04
29ba06cf-d30c-460d-9238-5996a2d8dd9b,-8839,-793,125,-634,12400,73900,22800,-274,462,104,1022.95,128.3,168.85
ae2c2bb7-a225-47c5-af19-b8b4ed53d987,-8820,-423,217,-630,4400,2800,218000,-357,363,157,789.25,142.96,160.99
92340e7f-b767-4a52-8093-8a59de7b6ded,-8802,200,1194,-562,-105000,-117700,424200,-417,11,134,1334.72,114.9,115.21
0efb4573-bc9f-468e-9725-6a1c8388d491,-8783,393,1446,-468,-370100,187800,127000,-289,-265,6,1569.84,107.34,107.93
1c960231-3c8c-463a-9c8a-a9016cd972b8,-8764,271,459,877,-506300,71600,-193300,20,-232,-431,1026.28,31.29,27.63
7f3eaad0-909f-45be-8832-107eafa7a931,-8745,55,-308,900,-501000,-11400,-149000,376,-169,-237,952.83,19.17,-18.89
efee0cb3-9d85-42fd-9ed0-4ba69f2c5198,-8720,619,-600,-590,-154200,-10700,-19600,140,-190,206,1044.63,124.39,-134.52
153befe5-f633-4e6e-8dfd-834761d100d3,-8702,710,-491,-862,-109800,124800,-4900,45,-226,203,1219.93,134.96,-150.33
59088f84-6eba-4546-8cf6-a7e731f0c7fa,-8689,966,-241,-832,-143900,183600,-32200,-54,-310,95,1297.48,129.88,-163.85
28ccd961-d705-4a91-8d4d-7095802af9dd,-8664,1258,-388,-487,251600,276000,130100,21,-349,-191,1403.67,110.3,-141.46
3f111b2f-b136-42b0-9882-fca8fc1d7d1b,-8645,246,-322,-37,210100,351600,35200,-36,-109,-507,406.9,95.22,-96.55
0891542f-6345-4208-9c20-b3fae18401af,-8627,-366,82,257,131800,150900,62900,-318,244,-375,454.67,55.58,17.7
52ff7c9a-edbe-4521-af21-1e96d629f597,-8608,-574,593,365,79800,52200,75900,-441,265,-96,902.41,66.14,58.39
bc6fbf42-310a-4d6e-9b7b-8555fafc10de,-8589,-837,1028,-319,8400,70200,90300,-442,168,82,1363.49,103.53,107.24
a69dbecd-53a7-48f0-9617-124a947990ee,-8570,-1111,1369,-504,-12500,-32500,-20000,-445,115,46,1833.71,105.95,110.21
3bc7d76d-e8f2-46e7-a6a3-e70785dfb15b,-8552,-346,717,332,18900,-40200,-59000,-445,190,-9,862.57,67.36,65.15
b9600ede-0e22-4187-bdce-b6809640b94c,-8527,-596,865,94,-85400,-110300,47300,-450,171,-9,1054.65,84.89,83.8
abc93603-03e9-4de3-818b-bc12c0b0ed8e,-8508,-60,934,783,-206900,-265500,169500,-433,8,-200,1220.26,50.08,50.03
98d82e09-209f-441d-a01e-c3c08c989daf,-8489,-78,387,1045,-360700,-156800,2300,-199,-147,-407,1117.08,20.7,20.32
36b57048-d7b2-4e5b-870c-6467b9daf8dd,-8470,200,-111,342,-17400,-164800,-37200,-60,-232,-386,411.44,33.78,-17.98
e7ed8821-435f-4347-8fca-d17c2832bc88,-8452,795,51,492,6600,6300,-126300,-114,-277,-296,936.32,58.3,5.92
f360d3a8-5feb-48e0-8030-9b092e4b3108,-8433,1152,631,1753,69000,93700,-94700,-246,-151,-332,2190.5,36.84,19.8
6e38c4b2-4283-4214-b2fe-d211f80270e9,-8414,469,407,697,181000,327500,-284200,-420,102,-252,933.5,41.7,30.28
094bdaeb-6d42-45f4-8f4b-12d43833a02e,-8395,-43,23,-13,167000,318200,-116700,-391,363,21,50.47,104.93,119.48
73eda0d1-8f14-46a8-a736-cc05ee6d27eb,-8377,-441,1034,-493,71600,132000,118700,-310,229,220,1227.47,113.68,115.49
bcf776ee-84f3-4448-ae04-14a703798181,-8352,191,1871,-831,75800,24800,268500,-268,51,268,2056.13,113.84,113.95
5c095c79-cec3-4743-9b87-d1a51f270557,-8333,-766,-22,-1635,-252200,-171500,383800,-222,-294,0,1805.68,154.89,-179.23
7ab5d79f-c944-4db7-9448-d0f8a7f7c6c9,-8314,-116,-170,47,-34300,15600,81200,-298,-273,-143,211.1,77.14,-74.55
f1deeb41-e32f-4adf-86be-c77b42261d8d,-8302,559,174,315,10500,-83100,33800,-283,-288,-140,664.82,61.72,28.92
d40eb9ad-3ade-41b1-8dd3-49663773a73d,-8277,1497,353,194,-54800,-225800,66000,-186,-324,-53,1550.24,82.81,61.21
c0183ec5-3c53-4d99-8741-7915e6ee6d2e,-8258,1403,838,991,-25900,322000,-670300,-414,-138,-98,1911.21,58.77,40.22
fef98035-cce8-4305-9254-81770b50b71b,-8239,356,272,279,262300,49700,-64100,-423,313,64,527.79,58.09,44.27
145a4728-cd1e-4132-a851-5c94f4696375,-8220,-50,352,-426,95800,114800,20500,-307,304,214,554.87,140.15,140.43
64ffe67e-698c-4094-a91a-40c2bcb1ec9a,-8202,293,217,-1200,626100,221200,46000,95,117,331,1254.17,163.1,169.75
402b3540-6117-455d-99be-d3a5b3c2f986,-8183,-698,-1262,-1279,479200,-303300,166400,415,171,13,1927.61,131.57,-135.38
df812b1e-821e-445f-894b-d6b38dda8bf2,-8164,215,-377,-210,94000,-203700,106600,373,268,-270,482.13,115.82,-119.12
55ab5a06-635e-4bfb-b068-4163e69d6515,-8145,-31,30,632,185600,-170400,-36000,173,63,-503,633.47,3.9,2.72
d8a78bd3-da75-42ac-858b-789b425942c1,-8127,-464,-145,1537,192900,-26700,-221300,-6,45,-522,1612.05,17.55,-5.39
b329a3e0-7daf-4fd3-847d-473fdfe8d1af,-8102,-222,-385,690,12300,-126700,36100,-213,59,-480,820.74,32.79,-29.16
227d0429-bbb7-4d12-99f0-90439fc921e1,-8083,-119,-28,721,6900,54300,-328900,-268,96,-452,731.29,9.62,-2.22
307a1817-3afe-4e03-a706-7ce71bb3e550,-8064,-236,631,471,152500,-101300,-212800,-325,199,-369,822.01,55.04,53.26
be635a52-b3f6-438b-bc60-56f5de2b90bc,-8045,-125,1237,306,346800,-170700,-55100,-411,298,-59,1280.4,76.17,76.11
ad0034e9-9982-4129-8ffa-c359bb53b334,-8027,621,1654,672,219800,-449000,454000,-454,171,27,1890.22,69.18,67.89
ab8fa16e-9c23-4e5e-a9e7-759c295c6de0,-8008,533,560,-458,-37300,-328200,479600,-273,-97,191,898.58,120.64,129.28
df96b6fa-8eb5-4ac8-9ee3-f26bf06dfbcc,-7989,322,136,-759,-20700,-85400,289900,-96,-84,262,835.62,155.27,169.84
ffec55cd-929c-49e6-a13e-b8dfebe9e6a5,-7970,465,385,-1183,-312900,274800,146000,-97,-211,145,1328.13,152.96,161.97
831b9440-6595-4547-a23b-6a45fb298ed8,-7952,1240,293,-1412,78200,115700,108000,-61,-324,30,1901.89,137.94,168.28
ab9b5b23-48c2-4539-80df-c2b563930072,-7933,512,-250,-392,481800,612200,-179300,-139,-228,-374,691.6,124.53,-147.47
28022e17-4074-4d37-a746-aba082128bc2,-7908,-129,588,-50,366500,315700,-87900,-460,177,28,604.06,94.75,94.86
7f6c21c9-0b83-4f2f-9bcf-b283d73337f9,-7889,91,392,-822,199200,240900,30300,-283,33,230,915.22,153.92,154.5
e59b21e0-3661-4f32-8b90-fdf3a5f7bec6,-7870,1054,742,-288,41000,268800,143500,-117,-171,194,1320.77,102.59,111.21
3f362301-13ff-4e45-bb9e-f4a07697bced,-7852,877,1115,-505,-267700,86600,90100,24,-295,77,1505.78,109.6,114.37
7678c951-5462-4587-923e-68033a49ad0d,-7833,787,440,-207,-471700,188500,-31900,-105,-310,-90,925.1,102.93,115.19
2c62a057-63f2-41df-9996-d5209af59c59,-7814,532,28,642,-483400,161900,-130800,-42,-226,-363,834.25,39.69,2.5
dddeda20-945f-431c-9c7a-fdeac5625c4a,-7795,534,-413,722,-200900,78300,-154400,78,-183,-396,988.44,43.08,-29.77
212d6d76-5355-43ca-9094-1aba8a4d296a,-7777,256,-523,1146,-32400,140300,-103900,60,-87,-447,1285.45,26.94,-24.53
b78bc4d3-3a05-4f7d-ae1c-197d2e072050,-7758,635,-599,852,44300,30800,-33600,32,-78,-449,1219.81,45.7,-35.11
b1c7a62f-6529-43c7-83fb-78c433d77a08,-7739,358,-356,833,10900,-50100,63400,-19,-27,-453,974.06,31.22,-23.14
0800a214-98e5-44b7-a8c9-95f7ac614e83,-7714,310,-267,1183,82800,102800,128000,-112,-7,-459,1251.75,19.08,-12.72
a50ca64e-692a-479b-8d93-8a687951be9d,-7695,-30,139,782,12100,-66200,75100,-174,14,-462,794.82,10.3,10.08
ad19dd8b-5826-4b09-9881-fd4ba725ea3f,-7683,-60,270,1106,-93600,-181900,119800,-151,-90,-470,1140.06,14.04,13.72
04c6c588-9253-4b4b-8292-df95e181e316,-7658,-163,620,1200,-30500,89800,151200,-162,-69,-473,1360.5,28.11,27.32
9ca1ca52-8567-4f8f-8530-291306b620d7,-7639,746,1006,56,-472400,-141600,-580600,-13,-81,-492,1253.67,87.44,86.81
379604fb-f938-486d-8b8b-283006e2e078,-7620,1118,1198,719,331800,-29000,667300,23,-51,-510,1789.44,66.31,59.03
c3fac0a7-93d6-451d-b0af-1da2648439c7,-7602,-358,1001,995,-104800,-85100,-575400,-36,71,-512,1456.09,46.9,45.17
2711d2ed-3129-4df9-a268-2e259b3b5e68,-7583,-1998,1997,108,101200,32300,581400,-91,138,-513,2826.96,87.81,86.9
0f7b7cda-c0b4-403f-bbc5-cafbe44956bf,-7564,1998,-1899,1056,42300,69300,-349000,-82,96,-513,2951.84,69.04,-60.92
f948ae2e-2230-486d-baaa-83b8bcd97ebd,-7545,100,110,1764,368300,-107700,303800,-61,-273,-345,1770.25,4.82,3.57
206c736c-a895-4ce1-9e96-fe4f3120ec1c,-7527,754,-92,650,-210600,72000,152100,84,-358,-111,999.74,49.45,-8.06
8ae9a630-63d4-45e1-8643-1f8e395aba68,-7508,644,-535,-1192,-599500,-111400,203700,239,-291,-41,1456.65,144.92,-155.83
9aefb712-1471-4c39-a5b4-e17172aed522,-7483,586,-353,-548,-194400,146700,138900,203,-238,79,876.53,128.7,-147.21
672a248a-fac3-4ae1-818e-a99e43f39d6f,-7464,1268,431,-612,-134700,70200,113800,191,-228,37,1472.46,114.56,144.84
bef7b9a9-553b-4b94-b81d-65272262b6e5,-7445,893,-152,-513,236700,-157200,135000,327,-111,33,1041.02,119.52,-163.5
8a73dc1c-e7cd-4fc5-b3e9-e8ee011e2527,-7427,261,-627,31,265800,-78100,25800,390,72,-233,679.86,87.39,-87.17
2fe1bdd2-fd63-4875-b967-f6e454c2fb45,-7408,-69,-619,691,179100,-69300,128400,222,59,-444,930.27,42.03,-41.85
3915be8d-71f8-4623-8b2b-0d7e7f5cb588,-7389,-228,-61,1085,238000,-60300,-25300,6,14,-501,1110.37,12.27,-3.22
f5c5daeb-9d75-481a-b8b7-c56da6bcfe95,-7370,-129,360,1189,190700,5900,-112200,-285,14,-386,1248.98,17.83,16.85
c1208a16-d587-4c19-85a3-a4b36c7c14f5,-7352,427,-429,1002,77700,200200,32400,-342,180,-308,1170.63,31.14,-23.18
5f98e4a0-0d50-4d39-9ca1-91bc8e22f796,-7333,-995,1342,175,-48900,-60400,-271100,-319,237,-347,1679.77,84.02,82.57
b2ebf1a6-9f87-41be-a1de-0ba479764ba2,-7314,1351,-476,178,-28000,18600,350700,-66,241,-462,1443.42,82.92,-69.5
7d1af93a-27cf-4ddb-87d9-3908fda6e09b,-7289,1890,-718,48,-123200,-31200,-439600,71,292,-437,2022.36,88.64,-86.18
cbd701be-488f-440d-8636-3bb5f871c021,-7270,-1998,1274,803,-59500,124300,20100,-145,367,-369,2501.98,71.28,57.78
386dacb1-c843-43d9-bf6f-82cba52503af,-7252,1144,-501,761,137700,7400,-118900,99,340,-399,1462.48,58.64,-33.36
bb245ec1-abf0-4aff-a20f-40acaacde366,-7233,-641,-1115,1992,-7200,-134400,39600,54,238,-485,2371.11,32.85,-29.24
9b57f188-cd80-44b3-af18-b91e0c797968,-7214,-49,-1107,-192,-480400,-267500,-20000,391,-103,-189,1124.6,99.83,-99.84
dcbbfa8d-b82e-4e85-bd50-0a9e1fff9bc6,-7195,241,-1052,-858,-161900,48000,81900,370,-51,112,1378.75,128.48,-129.2
e2015299-fc4b-4be8-9743-630689a8247b,-7177,-48,-236,-817,-129300,-100000,62700,234,35,271,851.76,163.57,-163.89
62d96d9e-37cb-41a2-a6f9-3e148570c3ed,-7158,-181,588,-757,-408500,132700,59900,-168,18,308,975.48,140.9,142.16
43054fec-3eb0-4ca6-9c65-2672f97f80fc,-7139,110,786,-279,-260600,573500,-369400,-319,-111,160,841.27,109.37,109.54
769d7b98-fe73-4177-9b75-b287b78aaa9d,-7120,13,1092,144,-153800,199200,32700,-396,-148,-29,1101.53,82.49,82.49
ccb8d23b-4893-4548-b57c-be733b832e6d,-7102,-2,964,753,-440600,-111300,-140900,-376,-127,-254,1223.24,52.01,52.01
905f9414-15c2-49e4-b817-6e66c867971b,-7083,114,307,1039,-272200,-96900,-90500,-210,-121,-425,1089.39,17.49,16.46
55e3dbfa-d27f-4976-acfa-1868652064a2,-7058,186,-107,987,-101600,-18500,66500,-31,-124,-479,1010.06,12.27,-6.19
b5a65275-602e-413e-8b33-5daef39eea9c,-7039,90,-412,978,5100,83400,-163900,23,-102,-495,1065.05,23.33,-22.84
7c3a8a1c-a121-4bd7-a514-d5e994bae20c,-7020,201,-598,922,-29800,95600,-133500,8,3,-519,1117.18,34.38,-32.97
da273831-8e1e-49ba-9f78-a60d750f8c75,-7002,-221,-606,616,2000,94100,75900,134,183,-495,891.93,46.32,-44.53
662bc800-7ada-4791-80d5-0621cf2118bd,-6983,-579,-464,350,-5900,117100,97500,54,412,-362,820.39,64.75,-52.97
6cc393af-ecfe-44db-a198-3f3ccb1743c7,-6964,-481,-463,135,-184000,-1176500,-61100,114,123,-506,681.14,78.57,-73.74
74de396b-18e8-4814-ab29-ae3846a4adce,-6945,1998,-1070,54,75600,22700,169800,131,51,-498,2267.12,88.64,-87.11
a74e1526-8815-4365-973c-f94a21081efb,-6927,-1998,1389,724,-138200,-181500,-357500,107,183,-498,2538.8,73.43,62.47
548985e3-8c2c-4e23-9e88-b7f44f55d685,-6908,1742,819,77,317200,199200,418100,98,81,-509,1926.46,87.71,84.63
e1cc9bdc-2833-4d3a-a9b0-f7fba5ad2798,-6889,-890,804,-493,-218400,-440200,-429600,-7,136,-504,1296.75,112.34,121.52
7c120594-e78e-4377-a06a-90767e2f50d9,-6870,1060,-54,407,245400,32200,304500,-100,108,-479,1136.73,69.02,-7.56
b535cdb6-8321-4d8b-902b-87ff550e5747,-6852,246,202,1539,102800,108100,110800,-219,-21,-458,1571.57,11.69,7.48
4e715b32-3221-4f2e-a9ec-aed1dba13cfe,-6827,233,-2,785,29500,82600,31200,-153,-73,-479,818.85,16.53,-0.15
3b9d29ce-fa9a-4580-b267-b416c28301d5,-6808,42,146,921,-12700,-77400,-4400,-187,-63,-479,933.45,9.37,9.01
503906b9-f76b-4c98-a9d1-a0f2e441042c,-6789,67,155,978,-3900,14700,8100,-217,-69,-458,992.47,9.8,9.01
f0feef78-3823-482e-8942-c631b4b52f72,-6770,165,1,1011,-900,-1100,0,-177,-100,-467,1024.38,9.27,0.06
86c62917-6a84-44eb-9dfe-490cbdf52faa,-6752,158,1,1017,-700,300,0,-174,-105,-468,1029.2,8.83,0.06
c953396a-7954-4ec1-aff5-8975d6b23081,-6733,159,0,1018,-700,0,0,-175,-105,-476,1030.34,8.88,0.0
bbb0eef5-58bc-46b9-a9aa-fa922fc76b70,-6714,160,1,1018,-700,300,0,-177,-100,-473,1030.5,8.93,0.06
d75bec8c-3687-48cf-b986-ed9b8522405c,-6695,160,1,1019,-700,200,0,-171,-105,-470,1031.49,8.93,0.06
5415c3ef-4c82-4ff1-a903-f3d965369ec0,-6677,159,0,1019,-800,200,0,-181,-100,-467,1031.33,8.87,0.0
43de1184-16f3-40d5-95e7-6f3f2ac14975,-6658,159,1,1020,-700,200,0,-174,-111,-468,1032.32,8.86,0.06
d9b67c3f-9701-4432-9f35-239be7b4d729,-6633,158,1,1018,-800,200,0,-169,-102,-471,1030.19,8.82,0.06
